SpectrumID,#Scan#,SpectrumFile,LibraryName,MQScore,TIC_Query,RT_Query,MZErrorPPM,SharedPeaks,MassDiff,SpecMZ,SpecCharge,FileScanUniqueID,NumberHits,Compound_Name,Ion_Source,Instrument,Compound_Source,PI,Data_Collector,Adduct,Precursor_MZ,ExactMass,Charge,CAS_Number,Pubmed_ID,Smiles,INCHI,INCHI_AUX,Library_Class,IonMode,Organism,LibMZ,UpdateWorkflowName,LibraryQualityString,tags,molecular_formula,InChIKey,InChIKey-Planar,superclass,class,subclass,npclassifier_superclass,npclassifier_class,npclassifier_pathway,library_usi
CCMSLIB00010123298,7355,spectra_filtered.mgf,GNPS_Drug_Library_Spectra_Drugs_and_Metabolites.mgf,0.994783,38816000,0,3.93997,2,0.000595093,151.039,-1,temp/spectra_filtered.mgf7355,1,(R)-(-)-Mandelic acid CollisionEnergy:205060,LC-ESI,Orbitrap,Commercial,Trent Northen,JGI,M-H,151.04,0,1,N/A,N/A,O=C(O)C(O)c1ccccc1,"""InChI=1S/C8H8O3/c9-7(8(10)11)6-4-2-1-3-5-6/h1-5,7,9H,(H,10,11)/t7-/m1/s1""",N/A,3,Negative,BERKELEY-LAB,151.04,UPDATE-SINGLE-ANNOTATED-BRONZE,Bronze,,C8H8O3,IWYDHOAUDWTVEP-UHFFFAOYSA-N,IWYDHOAUDWTVEP,N/A,N/A,N/A,Phenylpropanoids (C6-C3),Cinnamic acids and derivatives,Shikimates and Phenylpropanoids,mzspec:GNPS:GNPS-LIBRARY:CCMSLIB00010123298
CCMSLIB00010123298,18913,spectra_filtered.mgf,GNPS_Drug_Library_Spectra_Drugs_and_Metabolites.mgf,0.991302,1531900,0,3.93997,2,0.000595093,151.039,-1,temp/spectra_filtered.mgf18913,1,(R)-(-)-Mandelic acid CollisionEnergy:205060,LC-ESI,Orbitrap,Commercial,Trent Northen,JGI,M-H,151.04,0,1,N/A,N/A,O=C(O)C(O)c1ccccc1,"""InChI=1S/C8H8O3/c9-7(8(10)11)6-4-2-1-3-5-6/h1-5,7,9H,(H,10,11)/t7-/m1/s1""",N/A,3,Negative,BERKELEY-LAB,151.04,UPDATE-SINGLE-ANNOTATED-BRONZE,Bronze,,C8H8O3,IWYDHOAUDWTVEP-UHFFFAOYSA-N,IWYDHOAUDWTVEP,N/A,N/A,N/A,Phenylpropanoids (C6-C3),Cinnamic acids and derivatives,Shikimates and Phenylpropanoids,mzspec:GNPS:GNPS-LIBRARY:CCMSLIB00010123298
CCMSLIB00006679276,2395,spectra_filtered.mgf,GNPS_Drug_Library_Spectra_Drugs_and_Metabolites.mgf,0.990449,599200000,0,4.71295,7,0.000900269,191.019,-1,temp/spectra_filtered.mgf2395,1,CITRIC ACID,ESI,Orbitrap,isolated,MoNA,MoNA:MoNA037792,M-H,191.02,0,1,N/A,N/A,C(C(=O)O)C(CC(=O)O)(C(=O)O)O,"""InChI=1S/C6H8O7/c7-3(8)1-6(13,5(11)12)2-4(9)10/h13H,1-2H2,(H,7,8)(H,9,10)(H,11,12)""",N/A,3,negative,MONA,191.02,UPDATE-SINGLE-ANNOTATED-BRONZE,Bronze,,C6H8O7,KRKNYBCHXYNGOX-UHFFFAOYSA-N,KRKNYBCHXYNGOX,Organic acids and derivatives,Carboxylic acids and derivatives,Tricarboxylic acids and derivatives,Fatty Acids and Conjugates,Hydroxy fatty acids,Fatty acids,mzspec:GNPS:GNPS-LIBRARY:CCMSLIB00006679276
CCMSLIB00006679276,4294,spectra_filtered.mgf,GNPS_Drug_Library_Spectra_Drugs_and_Metabolites.mgf,0.99044,125620000,0,4.23367,7,0.000808716,191.019,-1,temp/spectra_filtered.mgf4294,1,CITRIC ACID,ESI,Orbitrap,isolated,MoNA,MoNA:MoNA037792,M-H,191.02,0,1,N/A,N/A,C(C(=O)O)C(CC(=O)O)(C(=O)O)O,"""InChI=1S/C6H8O7/c7-3(8)1-6(13,5(11)12)2-4(9)10/h13H,1-2H2,(H,7,8)(H,9,10)(H,11,12)""",N/A,3,negative,MONA,191.02,UPDATE-SINGLE-ANNOTATED-BRONZE,Bronze,,C6H8O7,KRKNYBCHXYNGOX-UHFFFAOYSA-N,KRKNYBCHXYNGOX,Organic acids and derivatives,Carboxylic acids and derivatives,Tricarboxylic acids and derivatives,Fatty Acids and Conjugates,Hydroxy fatty acids,Fatty acids,mzspec:GNPS:GNPS-LIBRARY:CCMSLIB00006679276
CCMSLIB00006679276,40582,spectra_filtered.mgf,GNPS_Drug_Library_Spectra_Drugs_and_Metabolites.mgf,0.989991,1655500,0,4.23367,7,0.000808716,191.019,-1,temp/spectra_filtered.mgf40582,1,CITRIC ACID,ESI,Orbitrap,isolated,MoNA,MoNA:MoNA037792,M-H,191.02,0,1,N/A,N/A,C(C(=O)O)C(CC(=O)O)(C(=O)O)O,"""InChI=1S/C6H8O7/c7-3(8)1-6(13,5(11)12)2-4(9)10/h13H,1-2H2,(H,7,8)(H,9,10)(H,11,12)""",N/A,3,negative,MONA,191.02,UPDATE-SINGLE-ANNOTATED-BRONZE,Bronze,,C6H8O7,KRKNYBCHXYNGOX-UHFFFAOYSA-N,KRKNYBCHXYNGOX,Organic acids and derivatives,Carboxylic acids and derivatives,Tricarboxylic acids and derivatives,Fatty Acids and Conjugates,Hydroxy fatty acids,Fatty acids,mzspec:GNPS:GNPS-LIBRARY:CCMSLIB00006679276
CCMSLIB00006679276,3038,spectra_filtered.mgf,GNPS_Drug_Library_Spectra_Drugs_and_Metabolites.mgf,0.989884,195890000,0,4.71295,7,0.000900269,191.019,-1,temp/spectra_filtered.mgf3038,1,CITRIC ACID,ESI,Orbitrap,isolated,MoNA,MoNA:MoNA037792,M-H,191.02,0,1,N/A,N/A,C(C(=O)O)C(CC(=O)O)(C(=O)O)O,"""InChI=1S/C6H8O7/c7-3(8)1-6(13,5(11)12)2-4(9)10/h13H,1-2H2,(H,7,8)(H,9,10)(H,11,12)""",N/A,3,negative,MONA,191.02,UPDATE-SINGLE-ANNOTATED-BRONZE,Bronze,,C6H8O7,KRKNYBCHXYNGOX-UHFFFAOYSA-N,KRKNYBCHXYNGOX,Organic acids and derivatives,Carboxylic acids and derivatives,Tricarboxylic acids and derivatives,Fatty Acids and Conjugates,Hydroxy fatty acids,Fatty acids,mzspec:GNPS:GNPS-LIBRARY:CCMSLIB00006679276
CCMSLIB00010118558,12372,spectra_filtered.mgf,GNPS_Drug_Library_Spectra_Drugs_and_Metabolites.mgf,0.986598,6060300,0,4.32242,8,0.000808716,187.097,-1,temp/spectra_filtered.mgf12372,1,azelaic acid CollisionEnergy:205060,LC-ESI,Orbitrap,Commercial,Trent Northen,JGI,M-H,187.098,0,1,N/A,N/A,O=C(O)CCCCCCCC(=O)O,"""InChI=1S/C9H16O4/c10-8(11)6-4-2-1-3-5-7-9(12)13/h1-7H2,(H,10,11)(H,12,13)""",N/A,3,Negative,BERKELEY-LAB,187.098,UPDATE-SINGLE-ANNOTATED-BRONZE,Bronze,,C9H16O4,BDJRBEYXGGNYIS-UHFFFAOYSA-N,BDJRBEYXGGNYIS,Lipids and lipid-like molecules,Fatty Acyls,Fatty acids and conjugates,Fatty Acids and Conjugates,Dicarboxylic acids,Fatty acids,mzspec:GNPS:GNPS-LIBRARY:CCMSLIB00010118558
CCMSLIB00010118558,13716,spectra_filtered.mgf,GNPS_Drug_Library_Spectra_Drugs_and_Metabolites.mgf,0.986113,44974000,0,4.81175,8,0.000900269,187.097,-1,temp/spectra_filtered.mgf13716,1,azelaic acid CollisionEnergy:205060,LC-ESI,Orbitrap,Commercial,Trent Northen,JGI,M-H,187.098,0,1,N/A,N/A,O=C(O)CCCCCCCC(=O)O,"""InChI=1S/C9H16O4/c10-8(11)6-4-2-1-3-5-7-9(12)13/h1-7H2,(H,10,11)(H,12,13)""",N/A,3,Negative,BERKELEY-LAB,187.098,UPDATE-SINGLE-ANNOTATED-BRONZE,Bronze,,C9H16O4,BDJRBEYXGGNYIS-UHFFFAOYSA-N,BDJRBEYXGGNYIS,Lipids and lipid-like molecules,Fatty Acyls,Fatty acids and conjugates,Fatty Acids and Conjugates,Dicarboxylic acids,Fatty acids,mzspec:GNPS:GNPS-LIBRARY:CCMSLIB00010118558
CCMSLIB00006679584,18100,spectra_filtered.mgf,GNPS_Drug_Library_Spectra_Drugs_and_Metabolites.mgf,0.984567,1176400,0,38.1829,6,0.0072937,191.027,-1,temp/spectra_filtered.mgf18100,1,CITRIC ACID,ESI,Orbitrap,isolated,MoNA,MoNA:MoNA037731,M-H,191.02,0,1,N/A,N/A,C(C(=O)O)C(CC(=O)O)(C(=O)O)O,"""InChI=1S/C6H8O7/c7-3(8)1-6(13,5(11)12)2-4(9)10/h13H,1-2H2,(H,7,8)(H,9,10)(H,11,12)""",N/A,3,negative,MONA,191.02,UPDATE-SINGLE-ANNOTATED-BRONZE,Bronze,,C6H8O7,KRKNYBCHXYNGOX-UHFFFAOYSA-N,KRKNYBCHXYNGOX,Organic acids and derivatives,Carboxylic acids and derivatives,Tricarboxylic acids and derivatives,Fatty Acids and Conjugates,Hydroxy fatty acids,Fatty acids,mzspec:GNPS:GNPS-LIBRARY:CCMSLIB00006679584
CCMSLIB00005739248,6555,spectra_filtered.mgf,GNPS_Drug_Library_Spectra_Drugs_and_Metabolites.mgf,0.982175,2331000,0,4.43399,12,0.00128174,289.072,-1,temp/spectra_filtered.mgf6555,1,"Massbank:PR100689 (-)-Epicatechin|(-)-3,3',4',5,7-Pentahydroxyflavan|EpCt_mi",ESI,qTof,Isolated,Massbank,Massbank,M-H,289.071,0,1,490-46-0,N/A,Oc(c3)c(O)cc(c3)C([H])(O1)C([H])(O)Cc(c(O)2)c(cc(O)c2)1,"1S/C15H14O6/c16-8-4-11(18)9-6-13(20)15(21-14(9)5-8)7-1-2-10(17)12(19)3-7/h1-5,13,15-20H,6H2/t13-,15-/m1/s1",N/A,3,Negative,MASSBANK,289.071,UPDATE-SINGLE-ANNOTATED-BRONZE,Bronze,,C15H14O6,PFTAWBLQPZVEMU-UHFFFAOYSA-N,PFTAWBLQPZVEMU,Phenylpropanoids and polyketides,Flavonoids,Flavans,Flavonoids,Flavan-3-ols,Shikimates and Phenylpropanoids,mzspec:GNPS:GNPS-LIBRARY:CCMSLIB00005739248
CCMSLIB00006679584,18881,spectra_filtered.mgf,GNPS_Drug_Library_Spectra_Drugs_and_Metabolites.mgf,0.976012,1543600,0,38.1829,6,0.0072937,191.027,-1,temp/spectra_filtered.mgf18881,1,CITRIC ACID,ESI,Orbitrap,isolated,MoNA,MoNA:MoNA037731,M-H,191.02,0,1,N/A,N/A,C(C(=O)O)C(CC(=O)O)(C(=O)O)O,"""InChI=1S/C6H8O7/c7-3(8)1-6(13,5(11)12)2-4(9)10/h13H,1-2H2,(H,7,8)(H,9,10)(H,11,12)""",N/A,3,negative,MONA,191.02,UPDATE-SINGLE-ANNOTATED-BRONZE,Bronze,,C6H8O7,KRKNYBCHXYNGOX-UHFFFAOYSA-N,KRKNYBCHXYNGOX,Organic acids and derivatives,Carboxylic acids and derivatives,Tricarboxylic acids and derivatives,Fatty Acids and Conjugates,Hydroxy fatty acids,Fatty acids,mzspec:GNPS:GNPS-LIBRARY:CCMSLIB00006679584
CCMSLIB00006679584,17651,spectra_filtered.mgf,GNPS_Drug_Library_Spectra_Drugs_and_Metabolites.mgf,0.975293,1672700,0,38.1829,6,0.0072937,191.027,-1,temp/spectra_filtered.mgf17651,1,CITRIC ACID,ESI,Orbitrap,isolated,MoNA,MoNA:MoNA037731,M-H,191.02,0,1,N/A,N/A,C(C(=O)O)C(CC(=O)O)(C(=O)O)O,"""InChI=1S/C6H8O7/c7-3(8)1-6(13,5(11)12)2-4(9)10/h13H,1-2H2,(H,7,8)(H,9,10)(H,11,12)""",N/A,3,negative,MONA,191.02,UPDATE-SINGLE-ANNOTATED-BRONZE,Bronze,,C6H8O7,KRKNYBCHXYNGOX-UHFFFAOYSA-N,KRKNYBCHXYNGOX,Organic acids and derivatives,Carboxylic acids and derivatives,Tricarboxylic acids and derivatives,Fatty Acids and Conjugates,Hydroxy fatty acids,Fatty acids,mzspec:GNPS:GNPS-LIBRARY:CCMSLIB00006679584
CCMSLIB00005766931,18333,spectra_filtered.mgf,GNPS_Drug_Library_Spectra_Drugs_and_Metabolites.mgf,0.96762,647300,0,3.83544,6,0.000701904,183.004,-1,temp/spectra_filtered.mgf18333,1,"Massbank:LU044752 2,4-Dinitrophenol",ESI,Hybrid FT,Isolated,Massbank,Massbank,M-H,183.005,0,1,51-28-5,N/A,OC1=C(C=C(C=C1)[N+]([O-])=O)[N+]([O-])=O,"1S/C6H4N2O5/c9-6-2-1-4(7(10)11)3-5(6)8(12)13/h1-3,9H",N/A,3,Negative,MASSBANK,183.005,UPDATE-SINGLE-ANNOTATED-BRONZE,Bronze,,N/A,UFBJCMHMOXMLKC-UHFFFAOYSA-N,UFBJCMHMOXMLKC,Benzenoids,Phenols,Nitrophenols,N/A,N/A,N/A,mzspec:GNPS:GNPS-LIBRARY:CCMSLIB00005766931
CCMSLIB00005732620,16526,spectra_filtered.mgf,GNPS_Drug_Library_Spectra_Drugs_and_Metabolites.mgf,0.965245,5169500,0,0.345387,5,9.15527e-05,265.073,-1,temp/spectra_filtered.mgf16526,1,"Massbank:EQ279553 Valsartan acid|4-[2-(2H-1,2,3,4-tetrazol-5-yl)phenyl]benzoic acid",ESI,Hybrid FT,Isolated,Massbank,Massbank,M-H,265.073,0,1,164265-78-5,N/A,C1=CC=C(C(=C1)C2=CC=C(C=C2)C(=O)O)C3=NNN=N3,"1S/C14H10N4O2/c19-14(20)10-7-5-9(6-8-10)11-3-1-2-4-12(11)13-15-17-18-16-13/h1-8H,(H,19,20)(H,15,16,17,18)",N/A,3,Negative,MASSBANK,265.073,UPDATE-SINGLE-ANNOTATED-BRONZE,Bronze,,C14H10N4O2,USAWIVMZUYOXCF-UHFFFAOYSA-N,USAWIVMZUYOXCF,Benzenoids,Benzene and substituted derivatives,Biphenyls and derivatives,,,Alkaloids,mzspec:GNPS:GNPS-LIBRARY:CCMSLIB00005732620
CCMSLIB00003135991,34668,spectra_filtered.mgf,GNPS_Drug_Library_Spectra_Drugs_and_Metabolites.mgf,0.964456,7915000,0,0.434695,7,0.000183105,421.227,-1,temp/spectra_filtered.mgf34668,1,Spectral Match to Dioctyl sulfosuccinate from NIST14,ESI,QqQ,Isolated,Data from Pieter Dorrestein;David Touboul,Data deposited by lfnothias,M-H,421.227,0,1,10041197,N/A,N/A,N/A,N/A,3,Negative,GNPS-NIST14-MATCHES,421.227,UPDATE-SINGLE-ANNOTATED-BRONZE,Bronze,,N/A,N/A,N/A,N/A,N/A,N/A,N/A,N/A,N/A,mzspec:GNPS:GNPS-LIBRARY:CCMSLIB00003135991
CCMSLIB00003135991,35637,spectra_filtered.mgf,GNPS_Drug_Library_Spectra_Drugs_and_Metabolites.mgf,0.963896,12376000,0,0.289797,7,0.00012207,421.227,-1,temp/spectra_filtered.mgf35637,1,Spectral Match to Dioctyl sulfosuccinate from NIST14,ESI,QqQ,Isolated,Data from Pieter Dorrestein;David Touboul,Data deposited by lfnothias,M-H,421.227,0,1,10041197,N/A,N/A,N/A,N/A,3,Negative,GNPS-NIST14-MATCHES,421.227,UPDATE-SINGLE-ANNOTATED-BRONZE,Bronze,,N/A,N/A,N/A,N/A,N/A,N/A,N/A,N/A,N/A,mzspec:GNPS:GNPS-LIBRARY:CCMSLIB00003135991
CCMSLIB00003135991,36020,spectra_filtered.mgf,GNPS_Drug_Library_Spectra_Drugs_and_Metabolites.mgf,0.963367,3711500,0,0.507145,7,0.000213623,421.227,-1,temp/spectra_filtered.mgf36020,1,Spectral Match to Dioctyl sulfosuccinate from NIST14,ESI,QqQ,Isolated,Data from Pieter Dorrestein;David Touboul,Data deposited by lfnothias,M-H,421.227,0,1,10041197,N/A,N/A,N/A,N/A,3,Negative,GNPS-NIST14-MATCHES,421.227,UPDATE-SINGLE-ANNOTATED-BRONZE,Bronze,,N/A,N/A,N/A,N/A,N/A,N/A,N/A,N/A,N/A,mzspec:GNPS:GNPS-LIBRARY:CCMSLIB00003135991
CCMSLIB00005756154,7883,spectra_filtered.mgf,GNPS_Drug_Library_Spectra_Drugs_and_Metabolites.mgf,0.962203,98500,0,4.11728,12,0.00119019,289.072,-1,temp/spectra_filtered.mgf7883,1,"Massbank:PT204570 (2R,3R)-2-(3,4-dihydroxyphenyl)chroman-3,5,7-triol|(-)-3,3',4',5,7-Pentahydroxyflavan|EpCt_mi|(-)-Epicatechin",ESI,qTof,Isolated,Massbank,Massbank,M+H,289.071,0,1,490-46-0,N/A,C1C(C(OC2=CC(=CC(=C21)O)O)C3=CC(=C(C=C3)O)O)O,"1S/C15H14O6/c16-8-4-11(18)9-6-13(20)15(21-14(9)5-8)7-1-2-10(17)12(19)3-7/h1-5,13,15-20H,6H2",N/A,3,Negative,MASSBANK,289.071,UPDATE-SINGLE-ANNOTATED-BRONZE,Bronze,,C15H14O6,PFTAWBLQPZVEMU-UHFFFAOYSA-N,PFTAWBLQPZVEMU,Phenylpropanoids and polyketides,Flavonoids,Flavans,Flavonoids,Flavan-3-ols,Shikimates and Phenylpropanoids,mzspec:GNPS:GNPS-LIBRARY:CCMSLIB00005756154
CCMSLIB00010107659,12007,spectra_filtered.mgf,GNPS_Drug_Library_Spectra_Drugs_and_Metabolites.mgf,0.961418,430600,0,3.93997,3,0.000595093,151.039,-1,temp/spectra_filtered.mgf12007,1,17199-29-0 CollisionEnergy:102040,LC-ESI,Orbitrap,Commercial,Trent Northen,JGI,M-H,151.04,0,1,N/A,N/A,O=C(O)C(O)c1ccccc1,"""InChI=1S/C8H8O3/c9-7(8(10)11)6-4-2-1-3-5-6/h1-5,7,9H,(H,10,11)/t7-/m0/s1""",N/A,3,Negative,BERKELEY-LAB,151.04,UPDATE-SINGLE-ANNOTATED-BRONZE,Bronze,,C8H8O3,IWYDHOAUDWTVEP-UHFFFAOYSA-N,IWYDHOAUDWTVEP,N/A,N/A,N/A,Phenylpropanoids (C6-C3),Cinnamic acids and derivatives,Shikimates and Phenylpropanoids,mzspec:GNPS:GNPS-LIBRARY:CCMSLIB00010107659
CCMSLIB00003135991,40975,spectra_filtered.mgf,GNPS_Drug_Library_Spectra_Drugs_and_Metabolites.mgf,0.959984,4651700,0,0.289797,6,0.00012207,421.227,-1,temp/spectra_filtered.mgf40975,1,Spectral Match to Dioctyl sulfosuccinate from NIST14,ESI,QqQ,Isolated,Data from Pieter Dorrestein;David Touboul,Data deposited by lfnothias,M-H,421.227,0,1,10041197,N/A,N/A,N/A,N/A,3,Negative,GNPS-NIST14-MATCHES,421.227,UPDATE-SINGLE-ANNOTATED-BRONZE,Bronze,,N/A,N/A,N/A,N/A,N/A,N/A,N/A,N/A,N/A,mzspec:GNPS:GNPS-LIBRARY:CCMSLIB00003135991
CCMSLIB00003135991,37050,spectra_filtered.mgf,GNPS_Drug_Library_Spectra_Drugs_and_Metabolites.mgf,0.959788,5172800,0,0.724492,6,0.000305176,421.227,-1,temp/spectra_filtered.mgf37050,1,Spectral Match to Dioctyl sulfosuccinate from NIST14,ESI,QqQ,Isolated,Data from Pieter Dorrestein;David Touboul,Data deposited by lfnothias,M-H,421.227,0,1,10041197,N/A,N/A,N/A,N/A,3,Negative,GNPS-NIST14-MATCHES,421.227,UPDATE-SINGLE-ANNOTATED-BRONZE,Bronze,,N/A,N/A,N/A,N/A,N/A,N/A,N/A,N/A,N/A,mzspec:GNPS:GNPS-LIBRARY:CCMSLIB00003135991
CCMSLIB00006679747,1780,spectra_filtered.mgf,GNPS_Drug_Library_Spectra_Drugs_and_Metabolites.mgf,0.959548,3091000,0,4.53339,4,0.000793457,175.024,-1,temp/spectra_filtered.mgf1780,1,ASCORBIC ACID,ESI,Orbitrap,isolated,MoNA,MoNA:MoNA037949,M-H,175.025,0,1,N/A,N/A,C([C@@H]([C@@H]1C(=C(C(=O)O1)O)O)O)O,"""InChI=1S/C6H8O6/c7-1-2(8)5-3(9)4(10)6(11)12-5/h2,5,7-10H,1H2/t2-,5+/m0/s1""",N/A,3,negative,MONA,175.025,UPDATE-SINGLE-ANNOTATED-BRONZE,Bronze,,C6H8O6,CIWBSHSKHKDKBQ-JLAZNSOCSA-N,CIWBSHSKHKDKBQ,Organoheterocyclic compounds,Dihydrofurans,Furanones,,,Polyketides,mzspec:GNPS:GNPS-LIBRARY:CCMSLIB00006679747
CCMSLIB00010118558,15909,spectra_filtered.mgf,GNPS_Drug_Library_Spectra_Drugs_and_Metabolites.mgf,0.959021,701000,0,4.32242,6,0.000808716,187.097,-1,temp/spectra_filtered.mgf15909,1,azelaic acid CollisionEnergy:205060,LC-ESI,Orbitrap,Commercial,Trent Northen,JGI,M-H,187.098,0,1,N/A,N/A,O=C(O)CCCCCCCC(=O)O,"""InChI=1S/C9H16O4/c10-8(11)6-4-2-1-3-5-7-9(12)13/h1-7H2,(H,10,11)(H,12,13)""",N/A,3,Negative,BERKELEY-LAB,187.098,UPDATE-SINGLE-ANNOTATED-BRONZE,Bronze,,C9H16O4,BDJRBEYXGGNYIS-UHFFFAOYSA-N,BDJRBEYXGGNYIS,Lipids and lipid-like molecules,Fatty Acyls,Fatty acids and conjugates,Fatty Acids and Conjugates,Dicarboxylic acids,Fatty acids,mzspec:GNPS:GNPS-LIBRARY:CCMSLIB00010118558
CCMSLIB00003135991,36280,spectra_filtered.mgf,GNPS_Drug_Library_Spectra_Drugs_and_Metabolites.mgf,0.958167,8283000,0,0.507145,5,0.000213623,421.227,-1,temp/spectra_filtered.mgf36280,1,Spectral Match to Dioctyl sulfosuccinate from NIST14,ESI,QqQ,Isolated,Data from Pieter Dorrestein;David Touboul,Data deposited by lfnothias,M-H,421.227,0,1,10041197,N/A,N/A,N/A,N/A,3,Negative,GNPS-NIST14-MATCHES,421.227,UPDATE-SINGLE-ANNOTATED-BRONZE,Bronze,,N/A,N/A,N/A,N/A,N/A,N/A,N/A,N/A,N/A,mzspec:GNPS:GNPS-LIBRARY:CCMSLIB00003135991
CCMSLIB00003135991,38634,spectra_filtered.mgf,GNPS_Drug_Library_Spectra_Drugs_and_Metabolites.mgf,0.957573,5357000,0,0,3,0,421.227,-1,temp/spectra_filtered.mgf38634,1,Spectral Match to Dioctyl sulfosuccinate from NIST14,ESI,QqQ,Isolated,Data from Pieter Dorrestein;David Touboul,Data deposited by lfnothias,M-H,421.227,0,1,10041197,N/A,N/A,N/A,N/A,3,Negative,GNPS-NIST14-MATCHES,421.227,UPDATE-SINGLE-ANNOTATED-BRONZE,Bronze,,N/A,N/A,N/A,N/A,N/A,N/A,N/A,N/A,N/A,mzspec:GNPS:GNPS-LIBRARY:CCMSLIB00003135991
CCMSLIB00003135991,39012,spectra_filtered.mgf,GNPS_Drug_Library_Spectra_Drugs_and_Metabolites.mgf,0.956548,1979300,0,0.289797,6,0.00012207,421.227,-1,temp/spectra_filtered.mgf39012,1,Spectral Match to Dioctyl sulfosuccinate from NIST14,ESI,QqQ,Isolated,Data from Pieter Dorrestein;David Touboul,Data deposited by lfnothias,M-H,421.227,0,1,10041197,N/A,N/A,N/A,N/A,3,Negative,GNPS-NIST14-MATCHES,421.227,UPDATE-SINGLE-ANNOTATED-BRONZE,Bronze,,N/A,N/A,N/A,N/A,N/A,N/A,N/A,N/A,N/A,mzspec:GNPS:GNPS-LIBRARY:CCMSLIB00003135991
CCMSLIB00006678681,7021,spectra_filtered.mgf,GNPS_Drug_Library_Spectra_Drugs_and_Metabolites.mgf,0.955588,1369200,0,1.70436,6,0.000305176,179.056,-1,temp/spectra_filtered.mgf7021,1,GLUCOSE,ESI,Orbitrap,isolated,MoNA,MoNA:MoNA038230,M-H,179.056,0,1,N/A,N/A,C([C@@H]1[C@H]([C@@H]([C@H](C(O)O1)O)O)O)O,"""InChI=1S/C6H12O6/c7-1-2-3(8)4(9)5(10)6(11)12-2/h2-11H,1H2/t2-,3-,4+,5-,6?/m1/s1""",N/A,3,negative,MONA,179.056,UPDATE-SINGLE-ANNOTATED-BRONZE,Bronze,,C6H12O6,WQZGKKKJIJFFOK-GASJEMHNSA-N,WQZGKKKJIJFFOK,Organic oxygen compounds,Organooxygen compounds,Carbohydrates and carbohydrate conjugates,Saccharides|Flavonoids,Disaccharides|Flavones|Monosaccharides|Polysaccharides,Carbohydrates|Shikimates and Phenylpropanoids,mzspec:GNPS:GNPS-LIBRARY:CCMSLIB00006678681
CCMSLIB00006679584,22467,spectra_filtered.mgf,GNPS_Drug_Library_Spectra_Drugs_and_Metabolites.mgf,0.94896,1380900,0,38.1829,6,0.0072937,191.027,-2,temp/spectra_filtered.mgf22467,1,CITRIC ACID,ESI,Orbitrap,isolated,MoNA,MoNA:MoNA037731,M-H,191.02,0,1,N/A,N/A,C(C(=O)O)C(CC(=O)O)(C(=O)O)O,"""InChI=1S/C6H8O7/c7-3(8)1-6(13,5(11)12)2-4(9)10/h13H,1-2H2,(H,7,8)(H,9,10)(H,11,12)""",N/A,3,negative,MONA,191.02,UPDATE-SINGLE-ANNOTATED-BRONZE,Bronze,,C6H8O7,KRKNYBCHXYNGOX-UHFFFAOYSA-N,KRKNYBCHXYNGOX,Organic acids and derivatives,Carboxylic acids and derivatives,Tricarboxylic acids and derivatives,Fatty Acids and Conjugates,Hydroxy fatty acids,Fatty acids,mzspec:GNPS:GNPS-LIBRARY:CCMSLIB00006679584
CCMSLIB00006125423,13389,spectra_filtered.mgf,GNPS_Drug_Library_Spectra_Drugs_and_Metabolites.mgf,0.939967,1134600,0,3.93997,2,0.000595093,151.039,-1,temp/spectra_filtered.mgf13389,1,(???)-Mandelic Acid - 40.0 eV,ESI,Orbitrap,Isolated,PI,Data Collector,M-H,151.04,0,1,,N/A,c1ccc(cc1)C(C(=O)O)O,"InChI=1S/C8H8O3/c9-7(8(10)11)6-4-2-1-3-5-6/h1-5,7,9H,(H,10,11)",N/A,1,Negative,BIRMINGHAM-UHPLC-MS-NEG,151.04,UPDATE-SINGLE-ANNOTATED-GOLD,Gold,,C8H8O3,IWYDHOAUDWTVEP-UHFFFAOYSA-N,IWYDHOAUDWTVEP,N/A,N/A,N/A,Phenylpropanoids (C6-C3),Cinnamic acids and derivatives,Shikimates and Phenylpropanoids,mzspec:GNPS:GNPS-LIBRARY:CCMSLIB00006125423
CCMSLIB00010118558,15530,spectra_filtered.mgf,GNPS_Drug_Library_Spectra_Drugs_and_Metabolites.mgf,0.93665,977700,0,4.32242,5,0.000808716,187.097,-1,temp/spectra_filtered.mgf15530,1,azelaic acid CollisionEnergy:205060,LC-ESI,Orbitrap,Commercial,Trent Northen,JGI,M-H,187.098,0,1,N/A,N/A,O=C(O)CCCCCCCC(=O)O,"""InChI=1S/C9H16O4/c10-8(11)6-4-2-1-3-5-7-9(12)13/h1-7H2,(H,10,11)(H,12,13)""",N/A,3,Negative,BERKELEY-LAB,187.098,UPDATE-SINGLE-ANNOTATED-BRONZE,Bronze,,C9H16O4,BDJRBEYXGGNYIS-UHFFFAOYSA-N,BDJRBEYXGGNYIS,Lipids and lipid-like molecules,Fatty Acyls,Fatty acids and conjugates,Fatty Acids and Conjugates,Dicarboxylic acids,Fatty acids,mzspec:GNPS:GNPS-LIBRARY:CCMSLIB00010118558
CCMSLIB00006679584,18502,spectra_filtered.mgf,GNPS_Drug_Library_Spectra_Drugs_and_Metabolites.mgf,0.935909,1594000,0,38.1829,6,0.0072937,191.027,-2,temp/spectra_filtered.mgf18502,1,CITRIC ACID,ESI,Orbitrap,isolated,MoNA,MoNA:MoNA037731,M-H,191.02,0,1,N/A,N/A,C(C(=O)O)C(CC(=O)O)(C(=O)O)O,"""InChI=1S/C6H8O7/c7-3(8)1-6(13,5(11)12)2-4(9)10/h13H,1-2H2,(H,7,8)(H,9,10)(H,11,12)""",N/A,3,negative,MONA,191.02,UPDATE-SINGLE-ANNOTATED-BRONZE,Bronze,,C6H8O7,KRKNYBCHXYNGOX-UHFFFAOYSA-N,KRKNYBCHXYNGOX,Organic acids and derivatives,Carboxylic acids and derivatives,Tricarboxylic acids and derivatives,Fatty Acids and Conjugates,Hydroxy fatty acids,Fatty acids,mzspec:GNPS:GNPS-LIBRARY:CCMSLIB00006679584
CCMSLIB00005778371,13568,spectra_filtered.mgf,GNPS_Drug_Library_Spectra_Drugs_and_Metabolites.mgf,0.933349,1123900,0,3.37233,5,0.00131226,389.125,-1,temp/spectra_filtered.mgf13568,1,E-piceid ,LC-ESI,Orbitrap,Isolated,JL Wolfender,individual data collecting,M-H,389.124,390.131,1,148766-36-3, ,OCC1OC(Oc2cc(O)cc(\C=C/c3ccc(O)cc3)c2)C(O)C(O)C1O,"InChI=1S/C20H22O8/c21-10-16-17(24)18(25)19(26)20(28-16)27-15-8-12(7-14(23)9-15)2-1-11-3-5-13(22)6-4-11/h1-9,16-26H,10H2/b2-1-", ,3,Negative,GNPS-LIBRARY,389.124,UPDATE-SINGLE-ANNOTATED-BRONZE,Bronze,,C20H22O8,HSTZMXCBWJGKHG-UPHRSURJSA-N,HSTZMXCBWJGKHG,Phenylpropanoids and polyketides,Stilbenes,Stilbene glycosides,Stilbenoids,Monomeric stilbenes,Shikimates and Phenylpropanoids,mzspec:GNPS:GNPS-LIBRARY:CCMSLIB00005778371
CCMSLIB00006679584,21411,spectra_filtered.mgf,GNPS_Drug_Library_Spectra_Drugs_and_Metabolites.mgf,0.932922,1564200,0,38.1829,6,0.0072937,191.027,-1,temp/spectra_filtered.mgf21411,1,CITRIC ACID,ESI,Orbitrap,isolated,MoNA,MoNA:MoNA037731,M-H,191.02,0,1,N/A,N/A,C(C(=O)O)C(CC(=O)O)(C(=O)O)O,"""InChI=1S/C6H8O7/c7-3(8)1-6(13,5(11)12)2-4(9)10/h13H,1-2H2,(H,7,8)(H,9,10)(H,11,12)""",N/A,3,negative,MONA,191.02,UPDATE-SINGLE-ANNOTATED-BRONZE,Bronze,,C6H8O7,KRKNYBCHXYNGOX-UHFFFAOYSA-N,KRKNYBCHXYNGOX,Organic acids and derivatives,Carboxylic acids and derivatives,Tricarboxylic acids and derivatives,Fatty Acids and Conjugates,Hydroxy fatty acids,Fatty acids,mzspec:GNPS:GNPS-LIBRARY:CCMSLIB00006679584
CCMSLIB00010118558,17721,spectra_filtered.mgf,GNPS_Drug_Library_Spectra_Drugs_and_Metabolites.mgf,0.92091,722400,0,4.32242,5,0.000808716,187.097,-1,temp/spectra_filtered.mgf17721,1,azelaic acid CollisionEnergy:205060,LC-ESI,Orbitrap,Commercial,Trent Northen,JGI,M-H,187.098,0,1,N/A,N/A,O=C(O)CCCCCCCC(=O)O,"""InChI=1S/C9H16O4/c10-8(11)6-4-2-1-3-5-7-9(12)13/h1-7H2,(H,10,11)(H,12,13)""",N/A,3,Negative,BERKELEY-LAB,187.098,UPDATE-SINGLE-ANNOTATED-BRONZE,Bronze,,C9H16O4,BDJRBEYXGGNYIS-UHFFFAOYSA-N,BDJRBEYXGGNYIS,Lipids and lipid-like molecules,Fatty Acyls,Fatty acids and conjugates,Fatty Acids and Conjugates,Dicarboxylic acids,Fatty acids,mzspec:GNPS:GNPS-LIBRARY:CCMSLIB00010118558
CCMSLIB00005738435,11751,spectra_filtered.mgf,GNPS_Drug_Library_Spectra_Drugs_and_Metabolites.mgf,0.920276,2639700,0,2.81252,3,0.00050354,179.035,-1,temp/spectra_filtered.mgf11751,1,"Massbank:RP016712 Caffeic acid|(E)-3-(3,4-dihydroxyphenyl)prop-2-enoic acid",ESI,qTof,Isolated,Massbank,Massbank,M-H,179.035,0,1,331-39-5,N/A,O=C(O)\C=C\c1cc(O)c(O)cc1,"1S/C9H8O4/c10-7-3-1-6(5-8(7)11)2-4-9(12)13/h1-5,10-11H,(H,12,13)/b4-2+",N/A,3,Negative,MASSBANK,179.035,UPDATE-SINGLE-ANNOTATED-BRONZE,Bronze,,C9H8O4,QAIPRVGONGVQAS-DUXPYHPUSA-N,QAIPRVGONGVQAS,Phenylpropanoids and polyketides,Cinnamic acids and derivatives,Hydroxycinnamic acids and derivatives,Phenylpropanoids (C6-C3),Cinnamic acids and derivatives,Shikimates and Phenylpropanoids,mzspec:GNPS:GNPS-LIBRARY:CCMSLIB00005738435
CCMSLIB00006679584,19986,spectra_filtered.mgf,GNPS_Drug_Library_Spectra_Drugs_and_Metabolites.mgf,0.919875,1215200,0,37.7036,5,0.00720215,191.027,-2,temp/spectra_filtered.mgf19986,1,CITRIC ACID,ESI,Orbitrap,isolated,MoNA,MoNA:MoNA037731,M-H,191.02,0,1,N/A,N/A,C(C(=O)O)C(CC(=O)O)(C(=O)O)O,"""InChI=1S/C6H8O7/c7-3(8)1-6(13,5(11)12)2-4(9)10/h13H,1-2H2,(H,7,8)(H,9,10)(H,11,12)""",N/A,3,negative,MONA,191.02,UPDATE-SINGLE-ANNOTATED-BRONZE,Bronze,,C6H8O7,KRKNYBCHXYNGOX-UHFFFAOYSA-N,KRKNYBCHXYNGOX,Organic acids and derivatives,Carboxylic acids and derivatives,Tricarboxylic acids and derivatives,Fatty Acids and Conjugates,Hydroxy fatty acids,Fatty acids,mzspec:GNPS:GNPS-LIBRARY:CCMSLIB00006679584
CCMSLIB00005778371,11300,spectra_filtered.mgf,GNPS_Drug_Library_Spectra_Drugs_and_Metabolites.mgf,0.911107,617700,0,2.58807,5,0.00100708,389.125,-1,temp/spectra_filtered.mgf11300,1,E-piceid ,LC-ESI,Orbitrap,Isolated,JL Wolfender,individual data collecting,M-H,389.124,390.131,1,148766-36-3, ,OCC1OC(Oc2cc(O)cc(\C=C/c3ccc(O)cc3)c2)C(O)C(O)C1O,"InChI=1S/C20H22O8/c21-10-16-17(24)18(25)19(26)20(28-16)27-15-8-12(7-14(23)9-15)2-1-11-3-5-13(22)6-4-11/h1-9,16-26H,10H2/b2-1-", ,3,Negative,GNPS-LIBRARY,389.124,UPDATE-SINGLE-ANNOTATED-BRONZE,Bronze,,C20H22O8,HSTZMXCBWJGKHG-UPHRSURJSA-N,HSTZMXCBWJGKHG,Phenylpropanoids and polyketides,Stilbenes,Stilbene glycosides,Stilbenoids,Monomeric stilbenes,Shikimates and Phenylpropanoids,mzspec:GNPS:GNPS-LIBRARY:CCMSLIB00005778371
CCMSLIB00006679584,21997,spectra_filtered.mgf,GNPS_Drug_Library_Spectra_Drugs_and_Metabolites.mgf,0.908066,1702900,0,38.1829,6,0.0072937,191.027,-2,temp/spectra_filtered.mgf21997,1,CITRIC ACID,ESI,Orbitrap,isolated,MoNA,MoNA:MoNA037731,M-H,191.02,0,1,N/A,N/A,C(C(=O)O)C(CC(=O)O)(C(=O)O)O,"""InChI=1S/C6H8O7/c7-3(8)1-6(13,5(11)12)2-4(9)10/h13H,1-2H2,(H,7,8)(H,9,10)(H,11,12)""",N/A,3,negative,MONA,191.02,UPDATE-SINGLE-ANNOTATED-BRONZE,Bronze,,C6H8O7,KRKNYBCHXYNGOX-UHFFFAOYSA-N,KRKNYBCHXYNGOX,Organic acids and derivatives,Carboxylic acids and derivatives,Tricarboxylic acids and derivatives,Fatty Acids and Conjugates,Hydroxy fatty acids,Fatty acids,mzspec:GNPS:GNPS-LIBRARY:CCMSLIB00006679584
CCMSLIB00004692493,22501,spectra_filtered.mgf,GNPS_Drug_Library_Spectra_Drugs_and_Metabolites.mgf,0.899136,997700,0,0.304015,7,9.15527e-05,301.145,-1,temp/spectra_filtered.mgf22501,1,"(4S,5Z,6S)-4-(2-methoxy-2-oxoethyl)-5-[2-[(E)-3-phenylprop-2-enoyl]oxyethylidene]-6-[(2S,3R,4S,5S,6R)-3,4,5-trihydroxy-6-(hydroxymethyl)oxan-2-yl]oxy-4H-pyran-3-carboxylic acid",N/A,ESI-QFT,isolated,MoNA,MoNA:VF-NPL-QEHF001430,[M-H]-,301.145,0,1,N/A,N/A,CC(Cc1ccc(O)c(O)c1)C(C)Cc1ccc(O)c(O)c1,"InChI=1S/C18H22O4/c1-11(7-13-3-5-15(19)17(21)9-13)12(2)8-14-4-6-16(20)18(22)10-14/h3-6,9-12,19-22H,7-8H2,1-2H3",N/A,3,negative,MONA,301.145,UPDATE-SINGLE-ANNOTATED-BRONZE,Bronze,,C18H22O4,HCZKYJDFEPMADG-UHFFFAOYSA-N,HCZKYJDFEPMADG,N/A,N/A,N/A,Lignans,Dibenzylbutane lignans,Shikimates and Phenylpropanoids,mzspec:GNPS:GNPS-LIBRARY:CCMSLIB00004692493
CCMSLIB00000222456,12427,spectra_filtered.mgf,GNPS_Drug_Library_Spectra_Drugs_and_Metabolites.mgf,0.894711,468000,0,2.3667,4,0.00140381,593.152,-1,temp/spectra_filtered.mgf12427,1,ReSpect:PT209200 Kaempferol-3-Glucoside-3''-Rhamnoside|Kaem-3-Glc-3''-Rha|Kaempferol-3-rungioside,ESI,LC-Q-TOF/MS,Isolated,Putative ReSpect Match,ReSpect,[M+H],593.151,0,1,28447-29-2,N/A,c,N/A,N/A,3,Positive,RESPECT,593.151,UPDATE-SINGLE-ANNOTATED-BRONZE,Bronze,,N/A,N/A,N/A,N/A,N/A,N/A,N/A,N/A,N/A,mzspec:GNPS:GNPS-LIBRARY:CCMSLIB00000222456
CCMSLIB00004694138,40963,spectra_filtered.mgf,GNPS_Drug_Library_Spectra_Drugs_and_Metabolites.mgf,0.892654,10791000,0,23.3674,8,0.00759888,325.184,-1,temp/spectra_filtered.mgf40963,1,HYDROQUINIDINE,N/A,ESI-QFT,isolated,MoNA,MoNA:VF-NPL-QEHF003075,[M-H]-,325.192,0,1,N/A,N/A,CCC1CN2CCC1CC2C(O)c1ccnc2ccc(OC)cc12,"InChI=1S/C20H26N2O2/c1-3-13-12-22-9-7-14(13)10-19(22)20(23)16-6-8-21-18-5-4-15(24-2)11-17(16)18/h4-6,8,11,13-14,19-20,23H,3,7,9-10,12H2,1-2H3",N/A,3,negative,MONA,325.192,UPDATE-SINGLE-ANNOTATED-BRONZE,Bronze,,C20H26N2O2,LJOQGZACKSYWCH-UHFFFAOYSA-N,LJOQGZACKSYWCH,N/A,N/A,N/A,Tryptophan alkaloids,,Alkaloids,mzspec:GNPS:GNPS-LIBRARY:CCMSLIB00004694138
CCMSLIB00010102219,15248,spectra_filtered.mgf,GNPS_Drug_Library_Spectra_Drugs_and_Metabolites.mgf,0.890015,197100,0,2.36301,2,0.000701904,297.039,-1,temp/spectra_filtered.mgf15248,1,salicylic acid CollisionEnergy:102040,LC-ESI,Orbitrap,Commercial,Trent Northen,JGI,2M-2H+Na,297.038,138.032,-1,N/A,N/A,C1=CC=C(C(=C1)C(=O)O)O,"""InChI=1S/C7H6O3/c8-6-4-2-1-3-5(6)7(9)10/h1-4,8H,(H,9,10)""",N/A,3,Negative,BERKELEY-LAB,297.038,UPDATE-SINGLE-ANNOTATED-BRONZE,Bronze,,C7H6O3,YGSDEFSMJLZEOE-UHFFFAOYSA-N,YGSDEFSMJLZEOE,Benzenoids,Benzene and substituted derivatives,Benzoic acids and derivatives,Phenolic acids (C6-C1),Simple phenolic acids,Shikimates and Phenylpropanoids,mzspec:GNPS:GNPS-LIBRARY:CCMSLIB00010102219
CCMSLIB00004694138,42656,spectra_filtered.mgf,GNPS_Drug_Library_Spectra_Drugs_and_Metabolites.mgf,0.88406,5542000,0,23.3674,6,0.00759888,325.184,-1,temp/spectra_filtered.mgf42656,1,HYDROQUINIDINE,N/A,ESI-QFT,isolated,MoNA,MoNA:VF-NPL-QEHF003075,[M-H]-,325.192,0,1,N/A,N/A,CCC1CN2CCC1CC2C(O)c1ccnc2ccc(OC)cc12,"InChI=1S/C20H26N2O2/c1-3-13-12-22-9-7-14(13)10-19(22)20(23)16-6-8-21-18-5-4-15(24-2)11-17(16)18/h4-6,8,11,13-14,19-20,23H,3,7,9-10,12H2,1-2H3",N/A,3,negative,MONA,325.192,UPDATE-SINGLE-ANNOTATED-BRONZE,Bronze,,C20H26N2O2,LJOQGZACKSYWCH-UHFFFAOYSA-N,LJOQGZACKSYWCH,N/A,N/A,N/A,Tryptophan alkaloids,,Alkaloids,mzspec:GNPS:GNPS-LIBRARY:CCMSLIB00004694138
CCMSLIB00004694138,42134,spectra_filtered.mgf,GNPS_Drug_Library_Spectra_Drugs_and_Metabolites.mgf,0.883628,11024000,0,23.3674,8,0.00759888,325.184,-1,temp/spectra_filtered.mgf42134,1,HYDROQUINIDINE,N/A,ESI-QFT,isolated,MoNA,MoNA:VF-NPL-QEHF003075,[M-H]-,325.192,0,1,N/A,N/A,CCC1CN2CCC1CC2C(O)c1ccnc2ccc(OC)cc12,"InChI=1S/C20H26N2O2/c1-3-13-12-22-9-7-14(13)10-19(22)20(23)16-6-8-21-18-5-4-15(24-2)11-17(16)18/h4-6,8,11,13-14,19-20,23H,3,7,9-10,12H2,1-2H3",N/A,3,negative,MONA,325.192,UPDATE-SINGLE-ANNOTATED-BRONZE,Bronze,,C20H26N2O2,LJOQGZACKSYWCH-UHFFFAOYSA-N,LJOQGZACKSYWCH,N/A,N/A,N/A,Tryptophan alkaloids,,Alkaloids,mzspec:GNPS:GNPS-LIBRARY:CCMSLIB00004694138
CCMSLIB00004704277,12415,spectra_filtered.mgf,GNPS_Drug_Library_Spectra_Drugs_and_Metabolites.mgf,0.881626,2158500,0,1.71192,10,0.000518799,303.052,-1,temp/spectra_filtered.mgf12415,1,taxifolin,N/A,ESI-QFT,isolated,MoNA,MoNA:VF-NPL-QEHF013214,[M-H]-,303.051,0,1,N/A,N/A,O=C1c2c(O)cc(O)cc2O[C@H](c2ccc(O)c(O)c2)[C@H]1O,"InChI=1S/C15H12O7/c16-7-4-10(19)12-11(5-7)22-15(14(21)13(12)20)6-1-2-8(17)9(18)3-6/h1-5,14-19,21H/t14-,15+/m0/s1",N/A,3,negative,MONA,303.051,UPDATE-SINGLE-ANNOTATED-BRONZE,Bronze,,C15H12O7,CXQWRCVTCMQVQX-LSDHHAIUSA-N,CXQWRCVTCMQVQX,Phenylpropanoids and polyketides,Flavonoids,Flavans,Flavonoids,Dihydroflavonols,Shikimates and Phenylpropanoids,mzspec:GNPS:GNPS-LIBRARY:CCMSLIB00004704277
CCMSLIB00004694557,30804,spectra_filtered.mgf,GNPS_Drug_Library_Spectra_Drugs_and_Metabolites.mgf,0.879431,1641700,0,22.992,7,0.00747681,325.185,-1,temp/spectra_filtered.mgf30804,1,hydroquinidine,N/A,ESI-QFT,isolated,MoNA,MoNA:VF-NPL-QEHF003494,[M-H]-,325.192,0,1,N/A,N/A,CC[C@H]1CN2CC[C@H]1C[C@H]2[C@H](O)c1ccnc2ccc(OC)cc12,"InChI=1S/C20H26N2O2/c1-3-13-12-22-9-7-14(13)10-19(22)20(23)16-6-8-21-18-5-4-15(24-2)11-17(16)18/h4-6,8,11,13-14,19-20,23H,3,7,9-10,12H2,1-2H3/t13-,14-,19-,20+/m0/s1",N/A,3,negative,MONA,325.192,UPDATE-SINGLE-ANNOTATED-BRONZE,Bronze,,C20H26N2O2,LJOQGZACKSYWCH-WZBLMQSHSA-N,LJOQGZACKSYWCH,N/A,N/A,N/A,Tryptophan alkaloids,,Alkaloids,mzspec:GNPS:GNPS-LIBRARY:CCMSLIB00004694557
CCMSLIB00000222754,7242,spectra_filtered.mgf,GNPS_Drug_Library_Spectra_Drugs_and_Metabolites.mgf,0.878031,126400,0,0.517192,5,9.15527e-05,177.019,-1,temp/spectra_filtered.mgf7242,1,"ReSpect:PT212500 6,7-Dihydroxycoumarin|Esculetin|Cichorigenin|Aesculetin|6,7-dihydroxy-2-benzopyrone|Esculetol|Cichoriin aglycon|6,7-Dihydroxy-2H-1-benzopyran-2-one|Esculin aglycon|6,7-dihydroxychromen-2-one",ESI,LC-Q-TOF/MS,Isolated,Putative ReSpect Match,ReSpect,[M+H],177.019,0,1,305-01-1,N/A,C1=CC(=O)OC2=CC(=C(C=C21)O)O,"1/C9H6O4/c10-6-3-5-1-2-9(12)13-8(5)4-7(6)11/h1-4,10-11H",N/A,3,Positive,RESPECT,177.019,UPDATE-SINGLE-ANNOTATED-BRONZE,Bronze,,C9H6O4,ILEDWLMCKZNDJK-UHFFFAOYSA-N,ILEDWLMCKZNDJK,Phenylpropanoids and polyketides,Coumarins and derivatives,Hydroxycoumarins,Coumarins,Simple coumarins,Shikimates and Phenylpropanoids,mzspec:GNPS:GNPS-LIBRARY:CCMSLIB00000222754
CCMSLIB00004694557,28695,spectra_filtered.mgf,GNPS_Drug_Library_Spectra_Drugs_and_Metabolites.mgf,0.874267,3119900,0,22.7104,7,0.00738525,325.185,-1,temp/spectra_filtered.mgf28695,1,hydroquinidine,N/A,ESI-QFT,isolated,MoNA,MoNA:VF-NPL-QEHF003494,[M-H]-,325.192,0,1,N/A,N/A,CC[C@H]1CN2CC[C@H]1C[C@H]2[C@H](O)c1ccnc2ccc(OC)cc12,"InChI=1S/C20H26N2O2/c1-3-13-12-22-9-7-14(13)10-19(22)20(23)16-6-8-21-18-5-4-15(24-2)11-17(16)18/h4-6,8,11,13-14,19-20,23H,3,7,9-10,12H2,1-2H3/t13-,14-,19-,20+/m0/s1",N/A,3,negative,MONA,325.192,UPDATE-SINGLE-ANNOTATED-BRONZE,Bronze,,C20H26N2O2,LJOQGZACKSYWCH-WZBLMQSHSA-N,LJOQGZACKSYWCH,N/A,N/A,N/A,Tryptophan alkaloids,,Alkaloids,mzspec:GNPS:GNPS-LIBRARY:CCMSLIB00004694557
CCMSLIB00006679584,20914,spectra_filtered.mgf,GNPS_Drug_Library_Spectra_Drugs_and_Metabolites.mgf,0.862898,1218900,0,38.1829,4,0.0072937,191.027,-2,temp/spectra_filtered.mgf20914,1,CITRIC ACID,ESI,Orbitrap,isolated,MoNA,MoNA:MoNA037731,M-H,191.02,0,1,N/A,N/A,C(C(=O)O)C(CC(=O)O)(C(=O)O)O,"""InChI=1S/C6H8O7/c7-3(8)1-6(13,5(11)12)2-4(9)10/h13H,1-2H2,(H,7,8)(H,9,10)(H,11,12)""",N/A,3,negative,MONA,191.02,UPDATE-SINGLE-ANNOTATED-BRONZE,Bronze,,C6H8O7,KRKNYBCHXYNGOX-UHFFFAOYSA-N,KRKNYBCHXYNGOX,Organic acids and derivatives,Carboxylic acids and derivatives,Tricarboxylic acids and derivatives,Fatty Acids and Conjugates,Hydroxy fatty acids,Fatty acids,mzspec:GNPS:GNPS-LIBRARY:CCMSLIB00006679584
CCMSLIB00012722703,1763,spectra_filtered.mgf,GNPS_Drug_Library_Spectra_Drug_Analogs.mgf,0.858182,80300,0,1.23506,6,0.000305176,247.094,-1,temp/spectra_filtered.mgf1763,1,related spectra of 'edetic acid (Delta Mass:-43.99)',ESI,Orbitrap,Crude,Pieter Dorrestein,NinaZhao,M+H,247.093,0,1,N/A,N/A,N/A,N/A,N/A,3,Positive,GNPS-DRUG-ANALOG,247.093,UPDATE-SINGLE-ANNOTATED-BRONZE,Bronze,,N/A,N/A,N/A,N/A,N/A,N/A,N/A,N/A,N/A,mzspec:GNPS:GNPS-LIBRARY:CCMSLIB00012722703
CCMSLIB00012722365,17046,spectra_filtered.mgf,GNPS_Drug_Library_Spectra_Drug_Analogs.mgf,0.857517,208800,0,2.75518,3,0.000427246,155.071,-1,temp/spectra_filtered.mgf17046,1,related spectra of 'hymecromone (Delta Mass:-21.98)',ESI,Orbitrap,Crude,Pieter Dorrestein,NinaZhao,M+H,155.07,0,1,N/A,N/A,N/A,N/A,N/A,3,Positive,GNPS-DRUG-ANALOG,155.07,UPDATE-SINGLE-ANNOTATED-BRONZE,Bronze,,N/A,N/A,N/A,N/A,N/A,N/A,N/A,N/A,N/A,mzspec:GNPS:GNPS-LIBRARY:CCMSLIB00012722365
CCMSLIB00000578096,24180,spectra_filtered.mgf,GNPS_Drug_Library_Spectra_Drugs_and_Metabolites.mgf,0.857505,5878000,0,11.5029,6,0.00219727,191.017,-1,temp/spectra_filtered.mgf24180,1,CITRATE,LC-ESI,Q-Exactive Plus,Commercial standard,Alexandrov Theodore,Prasad,M-H,191.019,192.027,0,77-92-9,311,C(C(=O)O)C(CC(=O)O)(C(=O)O)O,"InChI=1S/C6H8O7/c7-3(8)1-6(13,5(11)12)2-4(9)10/h13H,1-2H2,(H,7,8)(H,9,10)(H,11,12)",N/A,1,Negative,GNPS-EMBL-MCF,191.019,UPDATE-SINGLE-ANNOTATED-GOLD,Gold,,C6H8O7,KRKNYBCHXYNGOX-UHFFFAOYSA-N,KRKNYBCHXYNGOX,Organic acids and derivatives,Carboxylic acids and derivatives,Tricarboxylic acids and derivatives,Fatty Acids and Conjugates,Hydroxy fatty acids,Fatty acids,mzspec:GNPS:GNPS-LIBRARY:CCMSLIB00000578096
CCMSLIB00004701984,22186,spectra_filtered.mgf,GNPS_Drug_Library_Spectra_Drugs_and_Metabolites.mgf,0.85743,172500,0,5.61717,6,0.00198364,353.141,-1,temp/spectra_filtered.mgf22186,1,xanthohumol,N/A,ESI-QFT,isolated,MoNA,MoNA:VF-NPL-QEHF010921,[M-H]-,353.139,0,1,N/A,N/A,COc1cc(O)c(CC=C(C)C)c(O)c1C(=O)/C=C/c1ccc(O)cc1,"InChI=1S/C21H22O5/c1-13(2)4-10-16-18(24)12-19(26-3)20(21(16)25)17(23)11-7-14-5-8-15(22)9-6-14/h4-9,11-12,22,24-25H,10H2,1-3H3/b11-7+",N/A,3,negative,MONA,353.139,UPDATE-SINGLE-ANNOTATED-BRONZE,Bronze,,C21H22O5,ORXQGKIUCDPEAJ-YRNVUSSQSA-N,ORXQGKIUCDPEAJ,Phenylpropanoids and polyketides,"Linear 1,3-diarylpropanoids",Chalcones and dihydrochalcones,Flavonoids,Chalcones,Shikimates and Phenylpropanoids,mzspec:GNPS:GNPS-LIBRARY:CCMSLIB00004701984
CCMSLIB00010118558,10244,spectra_filtered.mgf,GNPS_Drug_Library_Spectra_Drugs_and_Metabolites.mgf,0.850045,114600,0,4.32242,5,0.000808716,187.097,-1,temp/spectra_filtered.mgf10244,1,azelaic acid CollisionEnergy:205060,LC-ESI,Orbitrap,Commercial,Trent Northen,JGI,M-H,187.098,0,1,N/A,N/A,O=C(O)CCCCCCCC(=O)O,"""InChI=1S/C9H16O4/c10-8(11)6-4-2-1-3-5-7-9(12)13/h1-7H2,(H,10,11)(H,12,13)""",N/A,3,Negative,BERKELEY-LAB,187.098,UPDATE-SINGLE-ANNOTATED-BRONZE,Bronze,,C9H16O4,BDJRBEYXGGNYIS-UHFFFAOYSA-N,BDJRBEYXGGNYIS,Lipids and lipid-like molecules,Fatty Acyls,Fatty acids and conjugates,Fatty Acids and Conjugates,Dicarboxylic acids,Fatty acids,mzspec:GNPS:GNPS-LIBRARY:CCMSLIB00010118558
CCMSLIB00010118558,11673,spectra_filtered.mgf,GNPS_Drug_Library_Spectra_Drugs_and_Metabolites.mgf,0.847994,227000,0,4.32242,6,0.000808716,187.097,-1,temp/spectra_filtered.mgf11673,1,azelaic acid CollisionEnergy:205060,LC-ESI,Orbitrap,Commercial,Trent Northen,JGI,M-H,187.098,0,1,N/A,N/A,O=C(O)CCCCCCCC(=O)O,"""InChI=1S/C9H16O4/c10-8(11)6-4-2-1-3-5-7-9(12)13/h1-7H2,(H,10,11)(H,12,13)""",N/A,3,Negative,BERKELEY-LAB,187.098,UPDATE-SINGLE-ANNOTATED-BRONZE,Bronze,,C9H16O4,BDJRBEYXGGNYIS-UHFFFAOYSA-N,BDJRBEYXGGNYIS,Lipids and lipid-like molecules,Fatty Acyls,Fatty acids and conjugates,Fatty Acids and Conjugates,Dicarboxylic acids,Fatty acids,mzspec:GNPS:GNPS-LIBRARY:CCMSLIB00010118558
CCMSLIB00000222631,15153,spectra_filtered.mgf,GNPS_Drug_Library_Spectra_Drugs_and_Metabolites.mgf,0.833334,669100,0,2.12371,3,0.000915527,431.099,-1,temp/spectra_filtered.mgf15153,1,ReSpect:PT211280 cyanidin-3-O-rhamnoside chloride|Cynd-3-Rha|Cyanidin 3-rhamnoside,ESI,LC-Q-TOF/MS,Isolated,Putative ReSpect Match,ReSpect,[M+H],431.098,0,1,38533-30-1,N/A,c,N/A,N/A,3,Positive,RESPECT,431.098,UPDATE-SINGLE-ANNOTATED-BRONZE,Bronze,,N/A,N/A,N/A,N/A,N/A,N/A,N/A,N/A,N/A,mzspec:GNPS:GNPS-LIBRARY:CCMSLIB00000222631
CCMSLIB00006126935,11786,spectra_filtered.mgf,GNPS_Drug_Library_Spectra_Drugs_and_Metabolites.mgf,0.832049,172000,0,2.37241,7,0.00109863,463.089,-1,temp/spectra_filtered.mgf11786,1,quercetin 3-O-glucopyranoside,LC-ESI,qTof,Isolated,"""Lingyi Kong, Jun Luo""","""Yongyi Li, Zhirong Cui""",M-H,463.088,464.095,1,482-35-9,N/A,OC[C@H]1O[C@@H](OC2=C(C3=CC=C(O)C(O)=C3)OC4=CC(O)=CC(O)=C4C2=O)[C@H](O)[C@@H](O)[C@@H]1O,"""InChI=1S/C21H20O12/c22-6-13-15(27)17(29)18(30)21(32-13)33-20-16(28)14-11(26)4-8(23)5-12(14)31-19(20)7-1-2-9(24)10(25)3-7/h1-5,13,15,17-18,21-27,29-30H,6H2/t13-,15+,17+,18?,21?/m1/s1""",N/A,1,Negative,GNPS-LIBRARY,463.088,UPDATE-SINGLE-ANNOTATED-GOLD,Gold,,C21H20O12,OVSQVDMCBVZWGM-QSOFNFLRSA-N,OVSQVDMCBVZWGM,Phenylpropanoids and polyketides,Flavonoids,Flavonoid glycosides,Flavonoids,Flavonols,Shikimates and Phenylpropanoids,mzspec:GNPS:GNPS-LIBRARY:CCMSLIB00006126935
CCMSLIB00005766931,25698,spectra_filtered.mgf,GNPS_Drug_Library_Spectra_Drugs_and_Metabolites.mgf,0.831745,90300,0,3.83544,4,0.000701904,183.004,-1,temp/spectra_filtered.mgf25698,1,"Massbank:LU044752 2,4-Dinitrophenol",ESI,Hybrid FT,Isolated,Massbank,Massbank,M-H,183.005,0,1,51-28-5,N/A,OC1=C(C=C(C=C1)[N+]([O-])=O)[N+]([O-])=O,"1S/C6H4N2O5/c9-6-2-1-4(7(10)11)3-5(6)8(12)13/h1-3,9H",N/A,3,Negative,MASSBANK,183.005,UPDATE-SINGLE-ANNOTATED-BRONZE,Bronze,,N/A,UFBJCMHMOXMLKC-UHFFFAOYSA-N,UFBJCMHMOXMLKC,Benzenoids,Phenols,Nitrophenols,N/A,N/A,N/A,mzspec:GNPS:GNPS-LIBRARY:CCMSLIB00005766931
CCMSLIB00000841628,5925,spectra_filtered.mgf,GNPS_Drug_Library_Spectra_Drugs_and_Metabolites.mgf,0.831213,205600,0,1.78835,2,0.000488281,273.034,-1,temp/spectra_filtered.mgf5925,1,MassbankEU:SM823851 Phenylbenzimidazole sulfonic acid|27503-81-7|2-phenyl-3H-benzimidazol-1-ium-5-sulfonate,ESI,LC-ESI-QFT,Isolated,Massbank EU,Massbank,[M-H]-,273.034,0,1,27503-81-7,N/A,OS(=O)(=O)C1=CC=C2N=C(NC2=C1)C1=CC=CC=C1,"1S/C13H10N2O3S/c16-19(17,18)10-6-7-11-12(8-10)15-13(14-11)9-4-2-1-3-5-9/h1-8H,(H,14,15)(H,16,17,18)",N/A,3,Negative,MASSBANKEU,273.034,UPDATE-SINGLE-ANNOTATED-BRONZE,Bronze,,C13H10N2O3S,UVCJGUGAGLDPAA-UHFFFAOYSA-N,UVCJGUGAGLDPAA,Organoheterocyclic compounds,Benzimidazoles,Phenylbenzimidazoles,,,Alkaloids,mzspec:GNPS:GNPS-LIBRARY:CCMSLIB00000841628
CCMSLIB00005763545,14593,spectra_filtered.mgf,GNPS_Drug_Library_Spectra_Drugs_and_Metabolites.mgf,0.830447,132100,0,3.93997,4,0.000595093,151.039,-1,temp/spectra_filtered.mgf14593,1,Massbank:LU110653 Methylparaben|methyl 4-hydroxybenzoate,ESI,Hybrid FT,Isolated,Massbank,Massbank,M-H,151.04,0,1,99-76-3,N/A,COC(=O)C1=CC=C(O)C=C1,"1S/C8H8O3/c1-11-8(10)6-2-4-7(9)5-3-6/h2-5,9H,1H3",N/A,3,Negative,MASSBANK,151.04,UPDATE-SINGLE-ANNOTATED-BRONZE,Bronze,,C8H8O3,LXCFILQKKLGQFO-UHFFFAOYSA-N,LXCFILQKKLGQFO,Benzenoids,Benzene and substituted derivatives,Benzoic acids and derivatives,Phenolic acids (C6-C1),Simple phenolic acids,Shikimates and Phenylpropanoids,mzspec:GNPS:GNPS-LIBRARY:CCMSLIB00005763545
CCMSLIB00004719279,29289,spectra_filtered.mgf,GNPS_Drug_Library_Spectra_Drugs_and_Metabolites.mgf,0.829233,116400,0,9.85166,7,0.003479,353.142,-1,temp/spectra_filtered.mgf29289,1,xanthohumol,N/A,ESI-QTOF,isolated,MoNA,MoNA:VF-NPL-QTOF001575,[M-H]-,353.139,0,1,N/A,N/A,N/A,"InChI=1S/C21H22O5/c113(2)4101618(24)1219(263)20(21(16)25)17(23)117145815(22)9614/h49,1112,22,2425H,10H2,13H3/b117+",N/A,3,negative,MONA,353.139,UPDATE-SINGLE-ANNOTATED-BRONZE,Bronze,,N/A,N/A,N/A,N/A,N/A,N/A,N/A,N/A,N/A,mzspec:GNPS:GNPS-LIBRARY:CCMSLIB00004719279
CCMSLIB00006119494,12440,spectra_filtered.mgf,GNPS_Drug_Library_Spectra_Drugs_and_Metabolites.mgf,0.815967,224800,0,0.642383,7,0.000183105,285.041,-1,temp/spectra_filtered.mgf12440,1,Luteolin - 30.0 eV,ESI,Orbitrap,Isolated,PI,Data Collector,M-H,285.041,0,1,,N/A,c1cc(c(cc1c2cc(=O)c3c(cc(cc3o2)O)O)O)O,"InChI=1S/C15H10O6/c16-8-4-11(19)15-12(20)6-13(21-14(15)5-8)7-1-2-9(17)10(18)3-7/h1-6,16-19H",N/A,1,Negative,BIRMINGHAM-UHPLC-MS-NEG,285.041,UPDATE-SINGLE-ANNOTATED-GOLD,Gold,,C15H10O6,IQPNAANSBPBGFQ-UHFFFAOYSA-N,IQPNAANSBPBGFQ,Phenylpropanoids and polyketides,Flavonoids,Flavones,Flavonoids,Flavones,Shikimates and Phenylpropanoids,mzspec:GNPS:GNPS-LIBRARY:CCMSLIB00006119494
CCMSLIB00004683667,19587,spectra_filtered.mgf,GNPS_Drug_Library_Spectra_Drugs_and_Metabolites.mgf,0.815375,4091100,0,2.58947,5,0.000701904,271.062,-1,temp/spectra_filtered.mgf19587,1,Quercetin - 20eV,LC-ESI, impact HD,Isolated,Sumner,Sumner,M-H,271.061,0,1,117-39-5,N/A,c1cc(c(cc1c2c(c(=O)c3c(cc(cc3o2)O)O)O)O)O,"InChI=1S/C15H10O7/c16-7-4-10(19)12-11(5-7)22-15(14(21)13(12)20)6-1-2-8(17)9(18)3-6/h1-5,16-19,21H",N/A,3,Negative,SUMNER,271.061,UPDATE-SINGLE-ANNOTATED-BRONZE,Bronze,,C15H10O7,REFJWTPEDVJJIY-UHFFFAOYSA-N,REFJWTPEDVJJIY,Phenylpropanoids and polyketides,Flavonoids,Flavones,Flavonoids,Flavonols,Shikimates and Phenylpropanoids,mzspec:GNPS:GNPS-LIBRARY:CCMSLIB00004683667
CCMSLIB00004694558,30005,spectra_filtered.mgf,GNPS_Drug_Library_Spectra_Drugs_and_Metabolites.mgf,0.811206,1297100,0,22.7104,8,0.00738525,325.185,-1,temp/spectra_filtered.mgf30005,1,hydroquinidine,N/A,ESI-QFT,isolated,MoNA,MoNA:VF-NPL-QEHF003495,[M-H]-,325.192,0,1,N/A,N/A,CC[C@H]1CN2CC[C@H]1C[C@H]2[C@H](O)c1ccnc2ccc(OC)cc12,"InChI=1S/C20H26N2O2/c1-3-13-12-22-9-7-14(13)10-19(22)20(23)16-6-8-21-18-5-4-15(24-2)11-17(16)18/h4-6,8,11,13-14,19-20,23H,3,7,9-10,12H2,1-2H3/t13-,14-,19-,20+/m0/s1",N/A,3,negative,MONA,325.192,UPDATE-SINGLE-ANNOTATED-BRONZE,Bronze,,C20H26N2O2,LJOQGZACKSYWCH-WZBLMQSHSA-N,LJOQGZACKSYWCH,N/A,N/A,N/A,Tryptophan alkaloids,,Alkaloids,mzspec:GNPS:GNPS-LIBRARY:CCMSLIB00004694558
CCMSLIB00004683667,13237,spectra_filtered.mgf,GNPS_Drug_Library_Spectra_Drugs_and_Metabolites.mgf,0.807951,418000,0,2.25171,5,0.000610352,271.062,-1,temp/spectra_filtered.mgf13237,1,Quercetin - 20eV,LC-ESI, impact HD,Isolated,Sumner,Sumner,M-H,271.061,0,1,117-39-5,N/A,c1cc(c(cc1c2c(c(=O)c3c(cc(cc3o2)O)O)O)O)O,"InChI=1S/C15H10O7/c16-7-4-10(19)12-11(5-7)22-15(14(21)13(12)20)6-1-2-8(17)9(18)3-6/h1-5,16-19,21H",N/A,3,Negative,SUMNER,271.061,UPDATE-SINGLE-ANNOTATED-BRONZE,Bronze,,C15H10O7,REFJWTPEDVJJIY-UHFFFAOYSA-N,REFJWTPEDVJJIY,Phenylpropanoids and polyketides,Flavonoids,Flavones,Flavonoids,Flavonols,Shikimates and Phenylpropanoids,mzspec:GNPS:GNPS-LIBRARY:CCMSLIB00004683667
CCMSLIB00000569318,13047,spectra_filtered.mgf,GNPS_Drug_Library_Spectra_Drugs_and_Metabolites.mgf,0.806414,1320800,0,2.21593,2,0.000396729,179.035,-1,temp/spectra_filtered.mgf13047,1,MoNA:2858743 Caffeic acid M+H,LC-ESI-QTOF,LC-ESI-QTOF,isolated,MoNA,MoNA,[M-H]-,179.035,0,1,N/A,N/A,O=C(O)/C=C/c1ccc(O)c(O)c1,"InChI=1S/C9H8O4/c10-7-3-1-6(5-8(7)11)2-4-9(12)13/h1-5,10-11H,(H,12,13)/b4-2+",N/A,3,,MONA,179.035,UPDATE-SINGLE-ANNOTATED-BRONZE,Bronze,,C9H8O4,QAIPRVGONGVQAS-DUXPYHPUSA-N,QAIPRVGONGVQAS,Phenylpropanoids and polyketides,Cinnamic acids and derivatives,Hydroxycinnamic acids and derivatives,Phenylpropanoids (C6-C3),Cinnamic acids and derivatives,Shikimates and Phenylpropanoids,mzspec:GNPS:GNPS-LIBRARY:CCMSLIB00000569318
CCMSLIB00000222699,14791,spectra_filtered.mgf,GNPS_Drug_Library_Spectra_Drugs_and_Metabolites.mgf,0.802383,876100,0,3.14628,5,0.00131226,417.083,-1,temp/spectra_filtered.mgf14791,1,ReSpect:PT212140 Cyanidin-3-O-alpha-arabinopyranoside|Cy 3-Ara,ESI,LC-Q-TOF/MS,Isolated,Putative ReSpect Match,ReSpect,[M+H],417.082,0,1,57186-11-5,N/A,c,N/A,N/A,3,Positive,RESPECT,417.082,UPDATE-SINGLE-ANNOTATED-BRONZE,Bronze,,N/A,N/A,N/A,N/A,N/A,N/A,N/A,N/A,N/A,mzspec:GNPS:GNPS-LIBRARY:CCMSLIB00000222699
CCMSLIB00006114112,2614,spectra_filtered.mgf,GNPS_Drug_Library_Spectra_Drugs_and_Metabolites.mgf,0.799361,1203000,0,2.41135,9,0.000701904,291.084,-1,temp/spectra_filtered.mgf2614,1,Ethylenediaminetetraacetic acid - 40.0 eV,ESI,Orbitrap,Isolated,PI,Data Collector,M-H,291.083,0,1,,N/A,C(CN(CC(=O)O)CC(=O)O)N(CC(=O)O)CC(=O)O,"InChI=1S/C10H16N2O8/c13-7(14)3-11(4-8(15)16)1-2-12(5-9(17)18)6-10(19)20/h1-6H2,(H,13,14)(H,15,16)(H,17,18)(H,19,20)",N/A,1,Negative,BIRMINGHAM-UHPLC-MS-NEG,291.083,UPDATE-SINGLE-ANNOTATED-GOLD,Gold,,C10H16N2O8,KCXVZYZYPLLWCC-UHFFFAOYSA-N,KCXVZYZYPLLWCC,Organic acids and derivatives,Carboxylic acids and derivatives,Tetracarboxylic acids and derivatives,Small peptides,Aminoacids,Amino acids and Peptides,mzspec:GNPS:GNPS-LIBRARY:CCMSLIB00006114112
CCMSLIB00006679584,19592,spectra_filtered.mgf,GNPS_Drug_Library_Spectra_Drugs_and_Metabolites.mgf,0.797267,1786400,0,38.1829,5,0.0072937,191.027,-2,temp/spectra_filtered.mgf19592,1,CITRIC ACID,ESI,Orbitrap,isolated,MoNA,MoNA:MoNA037731,M-H,191.02,0,1,N/A,N/A,C(C(=O)O)C(CC(=O)O)(C(=O)O)O,"""InChI=1S/C6H8O7/c7-3(8)1-6(13,5(11)12)2-4(9)10/h13H,1-2H2,(H,7,8)(H,9,10)(H,11,12)""",N/A,3,negative,MONA,191.02,UPDATE-SINGLE-ANNOTATED-BRONZE,Bronze,,C6H8O7,KRKNYBCHXYNGOX-UHFFFAOYSA-N,KRKNYBCHXYNGOX,Organic acids and derivatives,Carboxylic acids and derivatives,Tricarboxylic acids and derivatives,Fatty Acids and Conjugates,Hydroxy fatty acids,Fatty acids,mzspec:GNPS:GNPS-LIBRARY:CCMSLIB00006679584
CCMSLIB00006679898,5075,spectra_filtered.mgf,GNPS_Drug_Library_Spectra_Drugs_and_Metabolites.mgf,0.792098,2733100,0,3.48939,2,0.00119019,341.088,-1,temp/spectra_filtered.mgf5075,1,ESCULIN,ESI,Orbitrap,isolated,MoNA,MoNA:MoNA037478,M+H,341.087,0,1,N/A,N/A,C1=CC(=O)OC2=C1C=C(C(=C2)O)O[C@H]3[C@@H]([C@H]([C@@H]([C@@H](CO)O3)O)O)O,"""InChI=1S/C15H16O9/c16-5-10-12(19)13(20)14(21)15(24-10)23-9-3-6-1-2-11(18)22-8(6)4-7(9)17/h1-4,10,12-17,19-21H,5H2/t10-,12-,13+,14-,15-/m1/s1""",N/A,3,positive,MONA,341.087,UPDATE-SINGLE-ANNOTATED-BRONZE,Bronze,,C15H16O9,XHCADAYNFIFUHF-TVKJYDDYSA-N,XHCADAYNFIFUHF,Phenylpropanoids and polyketides,Coumarins and derivatives,Coumarin glycosides,Coumarins,Simple coumarins,Shikimates and Phenylpropanoids,mzspec:GNPS:GNPS-LIBRARY:CCMSLIB00006679898
CCMSLIB00006114112,4009,spectra_filtered.mgf,GNPS_Drug_Library_Spectra_Drugs_and_Metabolites.mgf,0.791377,825500,0,2.72588,9,0.000793457,291.084,-1,temp/spectra_filtered.mgf4009,1,Ethylenediaminetetraacetic acid - 40.0 eV,ESI,Orbitrap,Isolated,PI,Data Collector,M-H,291.083,0,1,,N/A,C(CN(CC(=O)O)CC(=O)O)N(CC(=O)O)CC(=O)O,"InChI=1S/C10H16N2O8/c13-7(14)3-11(4-8(15)16)1-2-12(5-9(17)18)6-10(19)20/h1-6H2,(H,13,14)(H,15,16)(H,17,18)(H,19,20)",N/A,1,Negative,BIRMINGHAM-UHPLC-MS-NEG,291.083,UPDATE-SINGLE-ANNOTATED-GOLD,Gold,,C10H16N2O8,KCXVZYZYPLLWCC-UHFFFAOYSA-N,KCXVZYZYPLLWCC,Organic acids and derivatives,Carboxylic acids and derivatives,Tetracarboxylic acids and derivatives,Small peptides,Aminoacids,Amino acids and Peptides,mzspec:GNPS:GNPS-LIBRARY:CCMSLIB00006114112
CCMSLIB00006114114,1869,spectra_filtered.mgf,GNPS_Drug_Library_Spectra_Drugs_and_Metabolites.mgf,0.788989,10428000,0,2.41135,10,0.000701904,291.084,-1,temp/spectra_filtered.mgf1869,1,Ethylenediaminetetraacetic acid - 40.0 eV,ESI,Orbitrap,Isolated,PI,Data Collector,M-H,291.083,0,1,,N/A,C(CN(CC(=O)O)CC(=O)O)N(CC(=O)O)CC(=O)O,"InChI=1S/C10H16N2O8/c13-7(14)3-11(4-8(15)16)1-2-12(5-9(17)18)6-10(19)20/h1-6H2,(H,13,14)(H,15,16)(H,17,18)(H,19,20)",N/A,1,Negative,BIRMINGHAM-UHPLC-MS-NEG,291.083,UPDATE-SINGLE-ANNOTATED-GOLD,Gold,,C10H16N2O8,KCXVZYZYPLLWCC-UHFFFAOYSA-N,KCXVZYZYPLLWCC,Organic acids and derivatives,Carboxylic acids and derivatives,Tetracarboxylic acids and derivatives,Small peptides,Aminoacids,Amino acids and Peptides,mzspec:GNPS:GNPS-LIBRARY:CCMSLIB00006114114
CCMSLIB00006114112,2944,spectra_filtered.mgf,GNPS_Drug_Library_Spectra_Drugs_and_Metabolites.mgf,0.784755,701400,0,1.99199,9,0.000579834,291.084,-1,temp/spectra_filtered.mgf2944,1,Ethylenediaminetetraacetic acid - 40.0 eV,ESI,Orbitrap,Isolated,PI,Data Collector,M-H,291.083,0,1,,N/A,C(CN(CC(=O)O)CC(=O)O)N(CC(=O)O)CC(=O)O,"InChI=1S/C10H16N2O8/c13-7(14)3-11(4-8(15)16)1-2-12(5-9(17)18)6-10(19)20/h1-6H2,(H,13,14)(H,15,16)(H,17,18)(H,19,20)",N/A,1,Negative,BIRMINGHAM-UHPLC-MS-NEG,291.083,UPDATE-SINGLE-ANNOTATED-GOLD,Gold,,C10H16N2O8,KCXVZYZYPLLWCC-UHFFFAOYSA-N,KCXVZYZYPLLWCC,Organic acids and derivatives,Carboxylic acids and derivatives,Tetracarboxylic acids and derivatives,Small peptides,Aminoacids,Amino acids and Peptides,mzspec:GNPS:GNPS-LIBRARY:CCMSLIB00006114112
CCMSLIB00000222754,6671,spectra_filtered.mgf,GNPS_Drug_Library_Spectra_Drugs_and_Metabolites.mgf,0.783355,353000,0,1.12058,6,0.000198364,177.019,-1,temp/spectra_filtered.mgf6671,1,"ReSpect:PT212500 6,7-Dihydroxycoumarin|Esculetin|Cichorigenin|Aesculetin|6,7-dihydroxy-2-benzopyrone|Esculetol|Cichoriin aglycon|6,7-Dihydroxy-2H-1-benzopyran-2-one|Esculin aglycon|6,7-dihydroxychromen-2-one",ESI,LC-Q-TOF/MS,Isolated,Putative ReSpect Match,ReSpect,[M+H],177.019,0,1,305-01-1,N/A,C1=CC(=O)OC2=CC(=C(C=C21)O)O,"1/C9H6O4/c10-6-3-5-1-2-9(12)13-8(5)4-7(6)11/h1-4,10-11H",N/A,3,Positive,RESPECT,177.019,UPDATE-SINGLE-ANNOTATED-BRONZE,Bronze,,C9H6O4,ILEDWLMCKZNDJK-UHFFFAOYSA-N,ILEDWLMCKZNDJK,Phenylpropanoids and polyketides,Coumarins and derivatives,Hydroxycoumarins,Coumarins,Simple coumarins,Shikimates and Phenylpropanoids,mzspec:GNPS:GNPS-LIBRARY:CCMSLIB00000222754
CCMSLIB00005730728,6102,spectra_filtered.mgf,GNPS_Drug_Library_Spectra_Drugs_and_Metabolites.mgf,0.783027,103400,0,6.43697,7,0.00189209,293.943,-1,temp/spectra_filtered.mgf6102,1,"Massbank:EQ325653 Chlorthiazide|6-chloro-1,1-dioxo-4H-1$l^{6},2,4-benzothiadiazine-7-sulfonamide",ESI,Hybrid FT,Isolated,Massbank,Massbank,M-H,293.941,0,1,58-94-6,N/A,C1=C2C(=CC(=C1Cl)S(=O)(=O)N)S(=O)(=O)NC=N2,"1S/C7H6ClN3O4S2/c8-4-1-5-7(2-6(4)16(9,12)13)17(14,15)11-3-10-5/h1-3H,(H,10,11)(H2,9,12,13)",N/A,3,Negative,MASSBANK,293.941,UPDATE-SINGLE-ANNOTATED-BRONZE,Bronze,,C7H6ClN3O4S2,JBMKAUGHUNFTOL-UHFFFAOYSA-N,JBMKAUGHUNFTOL,Organoheterocyclic compounds,Thiadiazines,Benzothiadiazines,,,Alkaloids,mzspec:GNPS:GNPS-LIBRARY:CCMSLIB00005730728
CCMSLIB00012724824,31271,spectra_filtered.mgf,GNPS_Drug_Library_Spectra_Drug_Analogs.mgf,0.782112,279900,0,3.23645,6,0.00100708,311.169,-1,temp/spectra_filtered.mgf31271,1,"""related spectra of 'Massbank:AU239460 Canrenone|(9S,14S)-10,13-dimethylspiro[2,8,9,11,12,14,15,16-octahydro-1H-cyclopenta[a]phenanthrene-17,5`-oxolane]-2`,3-dione (Delta Mass:-28.031)'""",ESI,qTof,Crude,Pieter Dorrestein,WoutBittremieux,M-H,311.168,0,1,N/A,N/A,N/A,N/A,N/A,3,Negative,GNPS-DRUG-ANALOG,311.168,UPDATE-SINGLE-ANNOTATED-BRONZE,Bronze,,N/A,N/A,N/A,N/A,N/A,N/A,N/A,N/A,N/A,mzspec:GNPS:GNPS-LIBRARY:CCMSLIB00012724824
CCMSLIB00006679898,5962,spectra_filtered.mgf,GNPS_Drug_Library_Spectra_Drugs_and_Metabolites.mgf,0.781429,1936200,0,3.48939,2,0.00119019,341.088,-1,temp/spectra_filtered.mgf5962,1,ESCULIN,ESI,Orbitrap,isolated,MoNA,MoNA:MoNA037478,M+H,341.087,0,1,N/A,N/A,C1=CC(=O)OC2=C1C=C(C(=C2)O)O[C@H]3[C@@H]([C@H]([C@@H]([C@@H](CO)O3)O)O)O,"""InChI=1S/C15H16O9/c16-5-10-12(19)13(20)14(21)15(24-10)23-9-3-6-1-2-11(18)22-8(6)4-7(9)17/h1-4,10,12-17,19-21H,5H2/t10-,12-,13+,14-,15-/m1/s1""",N/A,3,positive,MONA,341.087,UPDATE-SINGLE-ANNOTATED-BRONZE,Bronze,,C15H16O9,XHCADAYNFIFUHF-TVKJYDDYSA-N,XHCADAYNFIFUHF,Phenylpropanoids and polyketides,Coumarins and derivatives,Coumarin glycosides,Coumarins,Simple coumarins,Shikimates and Phenylpropanoids,mzspec:GNPS:GNPS-LIBRARY:CCMSLIB00006679898
CCMSLIB00010108413,17305,spectra_filtered.mgf,GNPS_Drug_Library_Spectra_Drugs_and_Metabolites.mgf,0.779081,111900,0,0.449661,7,0.000183105,407.208,-1,temp/spectra_filtered.mgf17305,1,Cobadex CollisionEnergy:102040,LC-ESI,Orbitrap,Commercial,Trent Northen,JGI,M+formate,407.208,0,1,N/A,N/A,CC12CCC(=O)C=C1CCC1C2C(O)CC2(C)C1CCC2(O)C(=O)CO,"""InChI=1S/C21H30O5/c1-19-7-5-13(23)9-12(19)3-4-14-15-6-8-21(26,17(25)11-22)20(15,2)10-16(24)18(14)19/h9,14-16,18,22,24,26H,3-8,10-11H2,1-2H3/t14-,15-,16-,18+,19-,20-,21-/m0/s1""",N/A,3,Negative,BERKELEY-LAB,407.208,UPDATE-SINGLE-ANNOTATED-BRONZE,Bronze,,C21H30O5,JYGXADMDTFJGBT-UHFFFAOYSA-N,JYGXADMDTFJGBT,Lipids and lipid-like molecules,Steroids and steroid derivatives,Hydroxysteroids,Steroids,Pregnane steroids,Terpenoids,mzspec:GNPS:GNPS-LIBRARY:CCMSLIB00010108413
CCMSLIB00012724824,30676,spectra_filtered.mgf,GNPS_Drug_Library_Spectra_Drug_Analogs.mgf,0.764056,2754100,0,3.23645,5,0.00100708,311.169,-1,temp/spectra_filtered.mgf30676,1,"""related spectra of 'Massbank:AU239460 Canrenone|(9S,14S)-10,13-dimethylspiro[2,8,9,11,12,14,15,16-octahydro-1H-cyclopenta[a]phenanthrene-17,5`-oxolane]-2`,3-dione (Delta Mass:-28.031)'""",ESI,qTof,Crude,Pieter Dorrestein,WoutBittremieux,M-H,311.168,0,1,N/A,N/A,N/A,N/A,N/A,3,Negative,GNPS-DRUG-ANALOG,311.168,UPDATE-SINGLE-ANNOTATED-BRONZE,Bronze,,N/A,N/A,N/A,N/A,N/A,N/A,N/A,N/A,N/A,mzspec:GNPS:GNPS-LIBRARY:CCMSLIB00012724824
CCMSLIB00012724824,28814,spectra_filtered.mgf,GNPS_Drug_Library_Spectra_Drug_Analogs.mgf,0.759916,4011000,0,3.8249,5,0.00119019,311.169,-1,temp/spectra_filtered.mgf28814,1,"""related spectra of 'Massbank:AU239460 Canrenone|(9S,14S)-10,13-dimethylspiro[2,8,9,11,12,14,15,16-octahydro-1H-cyclopenta[a]phenanthrene-17,5`-oxolane]-2`,3-dione (Delta Mass:-28.031)'""",ESI,qTof,Crude,Pieter Dorrestein,WoutBittremieux,M-H,311.168,0,1,N/A,N/A,N/A,N/A,N/A,3,Negative,GNPS-DRUG-ANALOG,311.168,UPDATE-SINGLE-ANNOTATED-BRONZE,Bronze,,N/A,N/A,N/A,N/A,N/A,N/A,N/A,N/A,N/A,mzspec:GNPS:GNPS-LIBRARY:CCMSLIB00012724824
CCMSLIB00012724824,30324,spectra_filtered.mgf,GNPS_Drug_Library_Spectra_Drug_Analogs.mgf,0.759308,6165000,0,3.23645,6,0.00100708,311.169,-1,temp/spectra_filtered.mgf30324,1,"""related spectra of 'Massbank:AU239460 Canrenone|(9S,14S)-10,13-dimethylspiro[2,8,9,11,12,14,15,16-octahydro-1H-cyclopenta[a]phenanthrene-17,5`-oxolane]-2`,3-dione (Delta Mass:-28.031)'""",ESI,qTof,Crude,Pieter Dorrestein,WoutBittremieux,M-H,311.168,0,1,N/A,N/A,N/A,N/A,N/A,3,Negative,GNPS-DRUG-ANALOG,311.168,UPDATE-SINGLE-ANNOTATED-BRONZE,Bronze,,N/A,N/A,N/A,N/A,N/A,N/A,N/A,N/A,N/A,mzspec:GNPS:GNPS-LIBRARY:CCMSLIB00012724824
CCMSLIB00003135991,41774,spectra_filtered.mgf,GNPS_Drug_Library_Spectra_Drugs_and_Metabolites.mgf,0.754959,282000,0,0,2,0,421.227,-1,temp/spectra_filtered.mgf41774,1,Spectral Match to Dioctyl sulfosuccinate from NIST14,ESI,QqQ,Isolated,Data from Pieter Dorrestein;David Touboul,Data deposited by lfnothias,M-H,421.227,0,1,10041197,N/A,N/A,N/A,N/A,3,Negative,GNPS-NIST14-MATCHES,421.227,UPDATE-SINGLE-ANNOTATED-BRONZE,Bronze,,N/A,N/A,N/A,N/A,N/A,N/A,N/A,N/A,N/A,mzspec:GNPS:GNPS-LIBRARY:CCMSLIB00003135991
CCMSLIB00010123298,5625,spectra_filtered.mgf,GNPS_Drug_Library_Spectra_Drugs_and_Metabolites.mgf,0.727371,728600,0,3.93997,2,0.000595093,151.039,-1,temp/spectra_filtered.mgf5625,1,(R)-(-)-Mandelic acid CollisionEnergy:205060,LC-ESI,Orbitrap,Commercial,Trent Northen,JGI,M-H,151.04,0,1,N/A,N/A,O=C(O)C(O)c1ccccc1,"""InChI=1S/C8H8O3/c9-7(8(10)11)6-4-2-1-3-5-6/h1-5,7,9H,(H,10,11)/t7-/m1/s1""",N/A,3,Negative,BERKELEY-LAB,151.04,UPDATE-SINGLE-ANNOTATED-BRONZE,Bronze,,C8H8O3,IWYDHOAUDWTVEP-UHFFFAOYSA-N,IWYDHOAUDWTVEP,N/A,N/A,N/A,Phenylpropanoids (C6-C3),Cinnamic acids and derivatives,Shikimates and Phenylpropanoids,mzspec:GNPS:GNPS-LIBRARY:CCMSLIB00010123298
CCMSLIB00012724824,32287,spectra_filtered.mgf,GNPS_Drug_Library_Spectra_Drug_Analogs.mgf,0.721185,60700,0,3.23645,2,0.00100708,311.169,-1,temp/spectra_filtered.mgf32287,1,"""related spectra of 'Massbank:AU239460 Canrenone|(9S,14S)-10,13-dimethylspiro[2,8,9,11,12,14,15,16-octahydro-1H-cyclopenta[a]phenanthrene-17,5`-oxolane]-2`,3-dione (Delta Mass:-28.031)'""",ESI,qTof,Crude,Pieter Dorrestein,WoutBittremieux,M-H,311.168,0,1,N/A,N/A,N/A,N/A,N/A,3,Negative,GNPS-DRUG-ANALOG,311.168,UPDATE-SINGLE-ANNOTATED-BRONZE,Bronze,,N/A,N/A,N/A,N/A,N/A,N/A,N/A,N/A,N/A,mzspec:GNPS:GNPS-LIBRARY:CCMSLIB00012724824
CCMSLIB00006113481,14278,spectra_filtered.mgf,GNPS_Drug_Library_Spectra_Drugs_and_Metabolites.mgf,0.717546,321800,0,1.06022,5,0.000198364,187.097,-1,temp/spectra_filtered.mgf14278,1,Azelaic acid - 40.0 eV,ESI,Orbitrap,Isolated,PI,Data Collector,M-H,187.097,0,1,,N/A,C(CCCC(=O)O)CCCC(=O)O,"InChI=1S/C9H16O4/c10-8(11)6-4-2-1-3-5-7-9(12)13/h1-7H2,(H,10,11)(H,12,13)",N/A,1,Negative,BIRMINGHAM-UHPLC-MS-NEG,187.097,UPDATE-SINGLE-ANNOTATED-GOLD,Gold,,C9H16O4,BDJRBEYXGGNYIS-UHFFFAOYSA-N,BDJRBEYXGGNYIS,Lipids and lipid-like molecules,Fatty Acyls,Fatty acids and conjugates,Fatty Acids and Conjugates,Dicarboxylic acids,Fatty acids,mzspec:GNPS:GNPS-LIBRARY:CCMSLIB00006113481
CCMSLIB00010128629,20411,spectra_filtered.mgf,GNPS_Drug_Library_Spectra_Drugs_and_Metabolites.mgf,0.712743,2520800,0,38.1829,5,0.0072937,191.027,-2,temp/spectra_filtered.mgf20411,1,Citric acid,LC-ESI,qTof,Other,Moying Li, ,M-H,191.02,192.027,1, , , , , ,3,Negative,GNPS-LIBRARY,191.02,UPDATE-SINGLE-ANNOTATED-BRONZE,Bronze,,N/A,N/A,N/A,N/A,N/A,N/A,N/A,N/A,N/A,mzspec:GNPS:GNPS-LIBRARY:CCMSLIB00010128629
CCMSLIB00005774283,39994,spectra_filtered.mgf,GNPS_Drug_Library_Spectra_Drugs_and_Metabolites.mgf,0.70667,125200,0,9.44686,5,0.00320435,339.2,-1,temp/spectra_filtered.mgf39994,1,"Massbank:AU239460 Canrenone|(9S,14S)-10,13-dimethylspiro[2,8,9,11,12,14,15,16-octahydro-1H-cyclopenta[a]phenanthrene-17,5`-oxolane]-2`,3-dione",ESI,qTof,Isolated,Massbank,Massbank,M-H,339.197,0,1,976-71-6,N/A,CC12CC[C@H]3C(C=CC4=CC(=O)CCC34C)[C@@H]1CCC21CCC(=O)O1,"1S/C22H28O3/c1-20-9-5-15(23)13-14(20)3-4-16-17(20)6-10-21(2)18(16)7-11-22(21)12-8-19(24)25-22/h3-4,13,16-18H,5-12H2,1-2H3/t16?,17-,18-,20?,21?,22?/m0/s1",N/A,3,Negative,MASSBANK,339.197,UPDATE-SINGLE-ANNOTATED-BRONZE,Bronze,,C22H28O3,UJVLDDZCTMKXJK-AFDHUMPMSA-N,UJVLDDZCTMKXJK,Lipids and lipid-like molecules,Steroids and steroid derivatives,Steroid lactones,Steroids,Androstane steroids,Terpenoids,mzspec:GNPS:GNPS-LIBRARY:CCMSLIB00005774283
CCMSLIB00012724824,31758,spectra_filtered.mgf,GNPS_Drug_Library_Spectra_Drug_Analogs.mgf,0.702096,2947700,0,3.23645,6,0.00100708,311.169,-1,temp/spectra_filtered.mgf31758,1,"""related spectra of 'Massbank:AU239460 Canrenone|(9S,14S)-10,13-dimethylspiro[2,8,9,11,12,14,15,16-octahydro-1H-cyclopenta[a]phenanthrene-17,5`-oxolane]-2`,3-dione (Delta Mass:-28.031)'""",ESI,qTof,Crude,Pieter Dorrestein,WoutBittremieux,M-H,311.168,0,1,N/A,N/A,N/A,N/A,N/A,3,Negative,GNPS-DRUG-ANALOG,311.168,UPDATE-SINGLE-ANNOTATED-BRONZE,Bronze,,N/A,N/A,N/A,N/A,N/A,N/A,N/A,N/A,N/A,mzspec:GNPS:GNPS-LIBRARY:CCMSLIB00012724824
CCMSLIB00005774283,42809,spectra_filtered.mgf,GNPS_Drug_Library_Spectra_Drugs_and_Metabolites.mgf,0.701768,132500,0,9.44686,4,0.00320435,339.2,-1,temp/spectra_filtered.mgf42809,1,"Massbank:AU239460 Canrenone|(9S,14S)-10,13-dimethylspiro[2,8,9,11,12,14,15,16-octahydro-1H-cyclopenta[a]phenanthrene-17,5`-oxolane]-2`,3-dione",ESI,qTof,Isolated,Massbank,Massbank,M-H,339.197,0,1,976-71-6,N/A,CC12CC[C@H]3C(C=CC4=CC(=O)CCC34C)[C@@H]1CCC21CCC(=O)O1,"1S/C22H28O3/c1-20-9-5-15(23)13-14(20)3-4-16-17(20)6-10-21(2)18(16)7-11-22(21)12-8-19(24)25-22/h3-4,13,16-18H,5-12H2,1-2H3/t16?,17-,18-,20?,21?,22?/m0/s1",N/A,3,Negative,MASSBANK,339.197,UPDATE-SINGLE-ANNOTATED-BRONZE,Bronze,,C22H28O3,UJVLDDZCTMKXJK-AFDHUMPMSA-N,UJVLDDZCTMKXJK,Lipids and lipid-like molecules,Steroids and steroid derivatives,Steroid lactones,Steroids,Androstane steroids,Terpenoids,mzspec:GNPS:GNPS-LIBRARY:CCMSLIB00005774283
CCMSLIB00006125423,10049,spectra_filtered.mgf,GNPS_Drug_Library_Spectra_Drugs_and_Metabolites.mgf,0.70085,221100,0,3.93997,2,0.000595093,151.039,-1,temp/spectra_filtered.mgf10049,1,(???)-Mandelic Acid - 40.0 eV,ESI,Orbitrap,Isolated,PI,Data Collector,M-H,151.04,0,1,,N/A,c1ccc(cc1)C(C(=O)O)O,"InChI=1S/C8H8O3/c9-7(8(10)11)6-4-2-1-3-5-6/h1-5,7,9H,(H,10,11)",N/A,1,Negative,BIRMINGHAM-UHPLC-MS-NEG,151.04,UPDATE-SINGLE-ANNOTATED-GOLD,Gold,,C8H8O3,IWYDHOAUDWTVEP-UHFFFAOYSA-N,IWYDHOAUDWTVEP,N/A,N/A,N/A,Phenylpropanoids (C6-C3),Cinnamic acids and derivatives,Shikimates and Phenylpropanoids,mzspec:GNPS:GNPS-LIBRARY:CCMSLIB00006125423
